2026/07/17 19:57:14.803, 0, 114, 1.53, 43
2026/07/17 19:57:15.810, 0, 114, 1.50, 43
2026/07/17 19:57:16.810, 0, 114, 1.49, 43
2026/07/17 19:57:17.811, 0, 204, 3.22, 45
2026/07/17 19:57:18.811, 0, 325, 11.81, 45
2026/07/17 19:57:19.830, 6, 520, 12.03, 46
2026/07/17 19:57:20.830, 6, 520, 12.44, 46
2026/07/17 19:57:21.831, 6, 520, 12.45, 47
2026/07/17 19:57:22.831, 6, 520, 12.52, 47
2026/07/17 19:57:23.832, 6, 520, 12.49, 47
2026/07/17 19:57:24.832, 5, 520, 12.52, 48
2026/07/17 19:57:25.832, 5, 520, 12.55, 48
2026/07/17 19:57:26.833, 5, 520, 12.52, 48
2026/07/17 19:57:27.833, 7, 520, 12.61, 48
2026/07/17 19:57:28.834, 6, 520, 12.67, 48
2026/07/17 19:57:29.834, 6, 520, 12.54, 49
2026/07/17 19:57:30.834, 6, 520, 12.63, 49
2026/07/17 19:57:31.835, 7, 520, 12.76, 49
2026/07/17 19:57:32.835, 3, 520, 12.73, 49
2026/07/17 19:57:33.835, 7, 520, 12.75, 50
2026/07/17 19:57:34.836, 8, 520, 12.74, 50
2026/07/17 19:57:35.836, 6, 520, 12.79, 50
2026/07/17 19:57:36.836, 8, 520, 12.84, 50
2026/07/17 19:57:37.837, 6, 520, 12.86, 51
2026/07/17 19:57:38.837, 6, 520, 12.88, 51
2026/07/17 19:57:39.837, 5, 520, 12.89, 51
2026/07/17 19:57:40.838, 7, 520, 12.69, 51
2026/07/17 19:57:41.838, 5, 520, 12.72, 51
2026/07/17 19:57:42.838, 8, 520, 12.80, 51
2026/07/17 19:57:43.839, 7, 520, 12.91, 51
2026/07/17 19:57:44.847, 8, 520, 12.95, 51
2026/07/17 19:57:45.847, 7, 520, 12.95, 51
2026/07/17 19:57:46.847, 6, 520, 12.95, 52
2026/07/17 19:57:47.847, 7, 520, 13.01, 52
2026/07/17 19:57:48.848, 6, 520, 13.04, 52
2026/07/17 19:57:49.848, 7, 520, 13.02, 52
2026/07/17 19:57:50.848, 7, 520, 12.94, 52
2026/07/17 19:57:51.849, 8, 520, 12.97, 52
2026/07/17 19:57:52.849, 5, 520, 12.99, 52
2026/07/17 19:57:53.849, 0, 114, 12.82, 52
2026/07/17 19:57:54.850, 0, 114, 12.20, 52
2026/07/17 19:57:55.850, 0, 114, 12.27, 52
2026/07/17 19:57:56.850, 0, 114, 3.21, 51
2026/07/17 19:57:57.850, 0, 114, 1.69, 50
2026/07/17 19:57:58.851, 0, 248, 12.15, 51
2026/07/17 19:57:59.851, 0, 327, 12.26, 51
2026/07/17 19:58:00.855, 6, 520, 12.43, 51
2026/07/17 19:58:01.856, 6, 520, 12.90, 52
2026/07/17 19:58:02.856, 5, 520, 12.84, 52
2026/07/17 19:58:03.856, 6, 520, 12.79, 52
2026/07/17 19:58:04.857, 6, 520, 12.92, 52
2026/07/17 19:58:05.857, 7, 520, 13.03, 52
2026/07/17 19:58:06.858, 6, 520, 12.94, 52
2026/07/17 19:58:07.858, 6, 520, 12.84, 52
2026/07/17 19:58:08.858, 7, 520, 12.91, 52
2026/07/17 19:58:09.858, 8, 520, 13.01, 52
2026/07/17 19:58:10.859, 4, 520, 12.74, 52
2026/07/17 19:58:11.859, 3, 520, 12.61, 53
2026/07/17 19:58:12.859, 6, 520, 12.81, 53
2026/07/17 19:58:13.859, 2, 520, 12.60, 53
2026/07/17 19:58:14.860, 5, 520, 12.57, 53
2026/07/17 19:58:15.860, 5, 520, 12.82, 53
2026/07/17 19:58:16.860, 5, 520, 12.65, 53
2026/07/17 19:58:17.860, 3, 520, 12.81, 53
2026/07/17 19:58:18.860, 4, 520, 12.71, 53
2026/07/17 19:58:19.861, 4, 520, 12.80, 53
2026/07/17 19:58:20.861, 2, 520, 12.53, 53
2026/07/17 19:58:21.861, 2, 520, 12.41, 53
2026/07/17 19:58:22.861, 5, 520, 12.64, 53
2026/07/17 19:58:23.862, 2, 520, 12.69, 53
2026/07/17 19:58:24.862, 7, 520, 12.57, 53
2026/07/17 19:58:25.862, 5, 520, 12.79, 53
2026/07/17 19:58:26.862, 7, 520, 12.97, 53
2026/07/17 19:58:27.863, 8, 520, 13.10, 53
2026/07/17 19:58:28.863, 7, 520, 13.08, 53
2026/07/17 19:58:29.863, 6, 520, 13.10, 53
2026/07/17 19:58:30.864, 4, 114, 12.90, 53
2026/07/17 19:58:31.864, 0, 114, 12.30, 53
2026/07/17 19:58:32.864, 0, 114, 12.29, 53
2026/07/17 19:58:33.864, 0, 114, 7.41, 52
2026/07/17 19:58:34.865, 0, 114, 1.69, 51
2026/07/17 19:58:35.865, 2, 204, 2.83, 52
2026/07/17 19:58:36.865, 0, 248, 12.21, 52
2026/07/17 19:58:37.866, 4, 520, 12.30, 52
2026/07/17 19:58:38.866, 5, 520, 12.88, 52
2026/07/17 19:58:39.866, 6, 520, 12.91, 52
2026/07/17 19:58:40.867, 6, 520, 12.94, 52
2026/07/17 19:58:41.867, 6, 520, 12.95, 52
2026/07/17 19:58:42.867, 6, 520, 13.00, 52
2026/07/17 19:58:43.868, 6, 520, 12.89, 53
2026/07/17 19:58:44.868, 7, 520, 12.93, 53
2026/07/17 19:58:45.868, 6, 520, 12.98, 53
2026/07/17 19:58:46.868, 5, 520, 13.00, 53
2026/07/17 19:58:47.869, 5, 520, 12.96, 53
2026/07/17 19:58:48.869, 6, 520, 13.07, 53
2026/07/17 19:58:49.869, 6, 520, 13.09, 53
2026/07/17 19:58:50.870, 6, 520, 13.01, 53
2026/07/17 19:58:51.870, 8, 520, 12.89, 53
2026/07/17 19:58:52.870, 6, 520, 13.01, 53
2026/07/17 19:58:53.870, 25, 520, 11.38, 52
2026/07/17 19:58:54.871, 30, 520, 8.15, 52
2026/07/17 19:58:55.871, 32, 520, 7.93, 52
2026/07/17 19:58:56.871, 26, 520, 7.85, 52
2026/07/17 19:58:57.871, 25, 520, 7.58, 52
2026/07/17 19:58:58.871, 6, 520, 9.77, 53
2026/07/17 19:58:59.872, 7, 520, 12.88, 53
2026/07/17 19:59:00.872, 8, 520, 12.98, 53
2026/07/17 19:59:01.872, 7, 520, 13.03, 53
2026/07/17 19:59:02.873, 8, 520, 13.08, 53
2026/07/17 19:59:03.873, 8, 520, 13.07, 53
2026/07/17 19:59:04.873, 7, 520, 12.97, 53
2026/07/17 19:59:05.874, 8, 520, 12.95, 53
2026/07/17 19:59:06.874, 7, 520, 13.01, 53
2026/07/17 19:59:07.874, 6, 520, 12.95, 53
2026/07/17 19:59:08.875, 6, 520, 12.96, 53
2026/07/17 19:59:09.875, 7, 520, 12.94, 54
2026/07/17 19:59:10.875, 6, 520, 13.06, 54
2026/07/17 19:59:11.876, 7, 520, 12.99, 54
2026/07/17 19:59:12.876, 6, 520, 12.90, 54
2026/07/17 19:59:13.876, 7, 520, 13.05, 54
2026/07/17 19:59:14.877, 8, 520, 13.19, 54
2026/07/17 19:59:15.877, 7, 520, 13.10, 54
2026/07/17 19:59:16.877, 6, 520, 13.03, 54
2026/07/17 19:59:17.877, 3, 114, 12.86, 54
2026/07/17 19:59:18.878, 0, 114, 12.53, 53
2026/07/17 19:59:19.878, 0, 114, 7.74, 52
2026/07/17 19:59:20.879, 0, 114, 2.12, 52
2026/07/17 19:59:21.879, 0, 114, 2.03, 52
2026/07/17 19:59:22.879, 0, 114, 1.55, 51
2026/07/17 19:59:23.879, 0, 248, 5.24, 52
2026/07/17 19:59:24.879, 1, 520, 12.76, 52
2026/07/17 19:59:25.880, 4, 520, 12.54, 52
2026/07/17 19:59:26.880, 6, 520, 13.01, 53
2026/07/17 19:59:27.880, 6, 520, 12.92, 53
2026/07/17 19:59:28.881, 7, 520, 13.03, 53
2026/07/17 19:59:29.881, 6, 520, 12.87, 53
2026/07/17 19:59:30.881, 7, 520, 13.02, 53
2026/07/17 19:59:31.881, 8, 520, 13.08, 53
2026/07/17 19:59:32.882, 7, 520, 13.01, 53
2026/07/17 19:59:33.882, 8, 520, 13.02, 53
2026/07/17 19:59:34.882, 7, 520, 13.19, 53
2026/07/17 19:59:35.883, 6, 520, 13.19, 53
2026/07/17 19:59:36.883, 7, 520, 13.05, 53
2026/07/17 19:59:37.883, 7, 520, 13.04, 53
2026/07/17 19:59:38.883, 7, 520, 12.99, 53
2026/07/17 19:59:39.883, 7, 520, 13.09, 53
2026/07/17 19:59:40.884, 7, 520, 13.07, 54
2026/07/17 19:59:41.884, 8, 520, 13.09, 54
2026/07/17 19:59:42.884, 8, 520, 13.11, 54
2026/07/17 19:59:43.885, 7, 520, 13.15, 54
2026/07/17 19:59:44.885, 6, 520, 13.17, 54
2026/07/17 19:59:45.885, 7, 520, 13.06, 54
2026/07/17 19:59:46.885, 7, 520, 13.15, 54
2026/07/17 19:59:47.886, 7, 520, 13.24, 54
2026/07/17 19:59:48.886, 7, 520, 13.19, 54
2026/07/17 19:59:49.886, 6, 114, 13.02, 54
2026/07/17 19:59:50.895, 0, 114, 12.63, 54
2026/07/17 19:59:51.896, 0, 114, 12.48, 54
2026/07/17 19:59:52.896, 0, 114, 5.91, 52
2026/07/17 19:59:53.896, 0, 114, 1.52, 52
2026/07/17 19:59:54.896, 0, 204, 1.52, 52
2026/07/17 19:59:55.896, 1, 248, 8.34, 53
2026/07/17 19:59:56.899, 13, 520, 12.55, 53
2026/07/17 19:59:57.900, 6, 520, 12.95, 53
2026/07/17 19:59:58.900, 6, 520, 13.17, 53
2026/07/17 19:59:59.900, 5, 520, 13.11, 53
2026/07/17 20:00:00.900, 2, 520, 13.07, 53
2026/07/17 20:00:01.901, 6, 520, 13.07, 54
2026/07/17 20:00:02.901, 7, 520, 13.11, 54
2026/07/17 20:00:03.902, 8, 520, 13.17, 54
2026/07/17 20:00:04.902, 7, 520, 13.09, 54
2026/07/17 20:00:05.902, 8, 520, 13.02, 54
2026/07/17 20:00:06.902, 6, 520, 13.15, 54
2026/07/17 20:00:07.902, 7, 520, 13.12, 54
2026/07/17 20:00:08.903, 7, 520, 13.22, 54
2026/07/17 20:00:09.903, 6, 520, 13.15, 54
2026/07/17 20:00:10.903, 7, 520, 13.23, 54
2026/07/17 20:00:11.904, 6, 520, 13.13, 54
2026/07/17 20:00:12.904, 6, 520, 13.10, 54
2026/07/17 20:00:13.904, 7, 520, 13.20, 54
2026/07/17 20:00:14.904, 7, 520, 13.22, 54
2026/07/17 20:00:15.904, 4, 520, 13.22, 54
2026/07/17 20:00:16.905, 6, 520, 13.21, 54
2026/07/17 20:00:17.905, 7, 520, 13.31, 54
2026/07/17 20:00:18.905, 4, 520, 13.11, 54
2026/07/17 20:00:19.906, 7, 520, 13.13, 54
2026/07/17 20:00:20.906, 6, 413, 12.99, 54
2026/07/17 20:00:21.906, 3, 114, 12.65, 54
2026/07/17 20:00:22.907, 0, 114, 12.43, 54
2026/07/17 20:00:23.907, 0, 114, 5.76, 53
2026/07/17 20:00:24.908, 0, 114, 2.63, 53
2026/07/17 20:00:25.908, 0, 114, 1.81, 52
2026/07/17 20:00:26.908, 0, 204, 12.63, 53
2026/07/17 20:00:27.908, 0, 329, 12.33, 53
2026/07/17 20:00:28.909, 5, 520, 13.00, 53
2026/07/17 20:00:29.909, 7, 520, 12.94, 53
2026/07/17 20:00:30.909, 5, 520, 13.05, 54
2026/07/17 20:00:31.909, 6, 520, 13.06, 54
2026/07/17 20:00:32.910, 5, 520, 13.09, 54
2026/07/17 20:00:33.910, 6, 520, 12.98, 54
2026/07/17 20:00:34.910, 8, 520, 12.99, 54
2026/07/17 20:00:35.912, 7, 520, 12.99, 54
2026/07/17 20:00:36.912, 6, 520, 13.02, 54
2026/07/17 20:00:37.912, 7, 520, 12.99, 54
2026/07/17 20:00:38.913, 7, 520, 13.00, 54
2026/07/17 20:00:39.913, 5, 520, 13.09, 54
2026/07/17 20:00:40.913, 6, 520, 12.97, 54
2026/07/17 20:00:41.914, 6, 520, 12.96, 54
2026/07/17 20:00:42.914, 7, 520, 13.07, 54
2026/07/17 20:00:43.914, 7, 520, 13.00, 54
2026/07/17 20:00:44.915, 7, 520, 13.08, 54
2026/07/17 20:00:45.916, 7, 520, 13.11, 54
2026/07/17 20:00:46.916, 7, 520, 13.07, 54
2026/07/17 20:00:47.918, 7, 520, 13.10, 54
2026/07/17 20:00:48.919, 7, 520, 13.13, 54
2026/07/17 20:00:49.920, 7, 520, 13.07, 54
2026/07/17 20:00:50.920, 7, 520, 13.00, 54
2026/07/17 20:00:51.921, 6, 520, 13.00, 54
2026/07/17 20:00:52.926, 0, 248, 13.04, 54
2026/07/17 20:00:53.927, 0, 114, 12.45, 54
2026/07/17 20:00:54.927, 0, 114, 12.43, 54
2026/07/17 20:00:55.927, 0, 114, 3.99, 53
2026/07/17 20:00:56.928, 0, 114, 1.49, 52
2026/07/17 20:00:57.928, 0, 204, 1.45, 52
2026/07/17 20:00:58.928, 0, 248, 12.23, 53
2026/07/17 20:00:59.928, 3, 520, 12.33, 53
2026/07/17 20:01:00.929, 6, 520, 12.75, 53
2026/07/17 20:01:01.929, 6, 520, 12.89, 53
2026/07/17 20:01:02.929, 6, 520, 13.02, 53
2026/07/17 20:01:03.929, 6, 520, 12.93, 54
2026/07/17 20:01:04.930, 7, 520, 12.93, 54
2026/07/17 20:01:05.930, 7, 520, 13.01, 54
2026/07/17 20:01:06.930, 7, 520, 13.13, 54
2026/07/17 20:01:07.930, 7, 520, 13.20, 54
2026/07/17 20:01:08.931, 7, 520, 13.16, 54
2026/07/17 20:01:09.931, 7, 520, 13.27, 54
2026/07/17 20:01:10.931, 7, 520, 13.22, 54
2026/07/17 20:01:11.931, 7, 520, 13.30, 54
2026/07/17 20:01:12.932, 7, 520, 13.24, 54
2026/07/17 20:01:13.932, 8, 520, 13.20, 54
2026/07/17 20:01:14.933, 7, 520, 13.17, 54
2026/07/17 20:01:15.933, 8, 520, 13.17, 54
2026/07/17 20:01:16.934, 8, 520, 13.24, 54
2026/07/17 20:01:17.935, 7, 520, 13.34, 54
2026/07/17 20:01:18.936, 6, 520, 13.27, 54
2026/07/17 20:01:19.936, 7, 520, 13.23, 55
2026/07/17 20:01:20.937, 7, 520, 13.33, 55
2026/07/17 20:01:21.942, 7, 520, 13.29, 55
2026/07/17 20:01:22.942, 6, 520, 13.20, 55
2026/07/17 20:01:23.943, 1, 386, 13.06, 55
2026/07/17 20:01:24.943, 0, 386, 13.42, 54
2026/07/17 20:01:25.943, 0, 386, 12.50, 54
2026/07/17 20:01:26.944, 0, 386, 3.98, 53
2026/07/17 20:01:27.944, 0, 386, 1.72, 52
2026/07/17 20:01:28.944, 0, 386, 1.60, 52
2026/07/17 20:01:29.945, 0, 114, 1.52, 51
2026/07/17 20:01:31.003, 0, 114, 1.93, 51
2026/07/17 20:01:32.005, 0, 114, 1.93, 51
2026/07/17 20:01:33.005, 0, 114, 1.53, 51
2026/07/17 20:01:34.005, 0, 204, 3.67, 52
2026/07/17 20:01:35.005, 0, 329, 12.34, 52
2026/07/17 20:01:36.006, 5, 520, 12.60, 52
2026/07/17 20:01:37.006, 6, 520, 12.95, 52
2026/07/17 20:01:38.006, 6, 520, 13.08, 52
2026/07/17 20:01:39.006, 7, 520, 13.05, 52
2026/07/17 20:01:40.007, 6, 520, 12.98, 53
2026/07/17 20:01:41.007, 7, 520, 13.20, 53
2026/07/17 20:01:42.007, 7, 520, 13.30, 53
2026/07/17 20:01:43.008, 7, 520, 13.32, 53
2026/07/17 20:01:44.008, 7, 520, 13.27, 53
2026/07/17 20:01:45.009, 7, 520, 13.27, 53
2026/07/17 20:01:46.009, 4, 520, 13.19, 53
2026/07/17 20:01:47.009, 6, 520, 13.15, 53
2026/07/17 20:01:48.009, 5, 520, 13.17, 53
2026/07/17 20:01:49.010, 9, 520, 13.14, 53
2026/07/17 20:01:50.010, 7, 520, 13.34, 54
2026/07/17 20:01:51.011, 7, 520, 13.27, 54
2026/07/17 20:01:52.011, 7, 520, 13.17, 54
2026/07/17 20:01:53.011, 7, 520, 13.14, 54
2026/07/17 20:01:54.012, 7, 520, 13.23, 54
2026/07/17 20:01:55.012, 6, 520, 13.19, 54
2026/07/17 20:01:56.012, 6, 520, 13.17, 54
2026/07/17 20:01:57.012, 7, 520, 13.15, 54
2026/07/17 20:01:58.012, 8, 520, 13.15, 54
2026/07/17 20:01:59.013, 7, 520, 13.14, 54
2026/07/17 20:02:00.013, 6, 520, 13.18, 54
2026/07/17 20:02:01.013, 6, 248, 13.22, 54
2026/07/17 20:02:02.014, 0, 114, 12.76, 54
2026/07/17 20:02:03.014, 0, 114, 12.49, 54
2026/07/17 20:02:04.015, 0, 114, 7.82, 53
2026/07/17 20:02:05.015, 0, 114, 3.16, 52
2026/07/17 20:02:06.015, 0, 204, 1.64, 52
2026/07/17 20:02:07.016, 0, 248, 12.53, 53
2026/07/17 20:02:08.016, 0, 248, 12.47, 53
2026/07/17 20:02:09.020, 8, 520, 12.67, 53
2026/07/17 20:02:10.020, 6, 520, 12.89, 53
2026/07/17 20:02:11.021, 6, 520, 13.07, 53
2026/07/17 20:02:12.021, 6, 520, 13.19, 53
2026/07/17 20:02:13.021, 6, 520, 13.14, 53
2026/07/17 20:02:14.022, 7, 520, 13.08, 53
2026/07/17 20:02:15.022, 7, 520, 13.06, 53
2026/07/17 20:02:16.022, 7, 520, 13.14, 54
2026/07/17 20:02:17.023, 7, 520, 13.14, 54
2026/07/17 20:02:18.023, 7, 520, 13.10, 54
2026/07/17 20:02:19.023, 7, 520, 13.19, 54
2026/07/17 20:02:20.024, 6, 520, 13.20, 54
2026/07/17 20:02:21.024, 6, 520, 13.16, 54
2026/07/17 20:02:22.024, 7, 520, 13.30, 54
2026/07/17 20:02:23.025, 7, 520, 13.36, 54
2026/07/17 20:02:24.025, 8, 520, 13.32, 54
2026/07/17 20:02:25.026, 8, 520, 13.31, 54
2026/07/17 20:02:26.026, 7, 520, 13.24, 54
2026/07/17 20:02:27.026, 7, 520, 13.19, 54
2026/07/17 20:02:28.026, 7, 520, 13.22, 54
2026/07/17 20:02:29.027, 7, 520, 13.37, 54
2026/07/17 20:02:30.027, 7, 520, 13.26, 55
2026/07/17 20:02:31.027, 7, 520, 13.32, 55
2026/07/17 20:02:32.028, 8, 520, 13.39, 55
2026/07/17 20:02:33.028, 7, 520, 13.31, 55
2026/07/17 20:02:34.028, 8, 520, 13.34, 55
2026/07/17 20:02:35.029, 6, 520, 13.28, 55
2026/07/17 20:02:36.029, 4, 114, 13.05, 55
2026/07/17 20:02:37.029, 0, 114, 12.46, 54
2026/07/17 20:02:38.030, 0, 114, 12.66, 54
2026/07/17 20:02:39.030, 0, 114, 2.53, 53
2026/07/17 20:02:40.030, 0, 114, 1.71, 53
2026/07/17 20:02:41.031, 0, 204, 2.32, 53
2026/07/17 20:02:42.031, 0, 257, 12.42, 53
2026/07/17 20:02:43.031, 4, 520, 12.72, 53
2026/07/17 20:02:44.032, 6, 520, 13.03, 53
2026/07/17 20:02:45.032, 6, 520, 13.14, 54
2026/07/17 20:02:46.032, 7, 520, 13.23, 54
2026/07/17 20:02:47.033, 6, 520, 13.12, 54
2026/07/17 20:02:48.033, 7, 520, 13.15, 54
2026/07/17 20:02:49.033, 8, 520, 13.18, 54
2026/07/17 20:02:50.034, 8, 520, 13.17, 54
2026/07/17 20:02:51.034, 6, 520, 13.22, 54
2026/07/17 20:02:52.034, 7, 520, 13.18, 54
2026/07/17 20:02:53.034, 6, 520, 13.19, 54
2026/07/17 20:02:54.035, 7, 520, 13.21, 54
2026/07/17 20:02:55.035, 2, 520, 12.78, 54
2026/07/17 20:02:56.035, 2, 520, 12.69, 54
2026/07/17 20:02:57.035, 7, 520, 12.86, 54
2026/07/17 20:02:58.036, 7, 520, 13.19, 54
2026/07/17 20:02:59.036, 8, 520, 13.23, 54
2026/07/17 20:03:00.036, 7, 520, 13.09, 54
2026/07/17 20:03:01.037, 6, 520, 13.11, 54
2026/07/17 20:03:02.037, 7, 520, 13.07, 54
2026/07/17 20:03:03.038, 7, 520, 13.06, 54
2026/07/17 20:03:04.038, 6, 520, 13.04, 54
2026/07/17 20:03:05.038, 7, 520, 13.04, 54
2026/07/17 20:03:06.038, 7, 520, 13.08, 54
2026/07/17 20:03:07.039, 7, 520, 13.15, 54
2026/07/17 20:03:08.039, 6, 520, 13.17, 54
2026/07/17 20:03:09.039, 4, 248, 13.07, 54
2026/07/17 20:03:10.039, 0, 114, 12.60, 54
2026/07/17 20:03:11.040, 0, 114, 12.45, 54
2026/07/17 20:03:12.040, 0, 114, 7.71, 53
2026/07/17 20:03:13.040, 0, 114, 1.89, 52
2026/07/17 20:03:14.040, 0, 114, 1.46, 52
2026/07/17 20:03:15.041, 0, 248, 6.59, 53
2026/07/17 20:03:16.041, 0, 520, 12.41, 53
2026/07/17 20:03:17.041, 7, 520, 12.63, 53
2026/07/17 20:03:18.042, 6, 520, 12.97, 54
2026/07/17 20:03:19.042, 6, 520, 13.07, 54
2026/07/17 20:03:20.042, 6, 520, 13.11, 54
2026/07/17 20:03:21.043, 6, 520, 12.99, 54
2026/07/17 20:03:22.043, 7, 520, 12.97, 54
2026/07/17 20:03:23.043, 8, 520, 13.07, 54
2026/07/17 20:03:24.044, 7, 520, 13.06, 54
2026/07/17 20:03:25.044, 7, 520, 13.15, 54
2026/07/17 20:03:26.044, 7, 520, 13.18, 54
2026/07/17 20:03:27.044, 8, 520, 13.23, 54
2026/07/17 20:03:28.045, 6, 520, 13.14, 54
2026/07/17 20:03:29.045, 5, 520, 13.18, 54
2026/07/17 20:03:30.045, 7, 520, 13.24, 54
2026/07/17 20:03:31.045, 8, 520, 13.37, 54
2026/07/17 20:03:32.046, 6, 520, 13.29, 55
2026/07/17 20:03:33.046, 8, 520, 13.16, 55
2026/07/17 20:03:34.046, 8, 520, 13.19, 55
2026/07/17 20:03:35.047, 5, 520, 13.18, 55
2026/07/17 20:03:36.047, 6, 520, 13.02, 55
2026/07/17 20:03:37.047, 7, 520, 13.07, 55
2026/07/17 20:03:38.047, 6, 520, 13.20, 55
2026/07/17 20:03:39.048, 7, 520, 13.20, 55
2026/07/17 20:03:40.048, 8, 520, 13.24, 55
2026/07/17 20:03:41.048, 8, 520, 13.19, 55
2026/07/17 20:03:42.049, 6, 520, 13.22, 55
2026/07/17 20:03:43.049, 2, 114, 13.14, 55
2026/07/17 20:03:44.056, 0, 114, 12.68, 55
2026/07/17 20:03:45.056, 0, 114, 12.56, 54
2026/07/17 20:03:46.057, 0, 114, 1.79, 53
2026/07/17 20:03:47.057, 0, 114, 1.83, 53
2026/07/17 20:03:48.057, 0, 204, 1.54, 53
2026/07/17 20:03:49.057, 1, 248, 9.33, 54
2026/07/17 20:03:50.060, 12, 520, 12.64, 53
2026/07/17 20:03:51.061, 5, 520, 13.19, 54
2026/07/17 20:03:52.061, 6, 520, 13.31, 54
2026/07/17 20:03:53.061, 6, 520, 13.24, 54
2026/07/17 20:03:54.062, 6, 520, 13.23, 54
2026/07/17 20:03:55.062, 6, 520, 13.05, 54
2026/07/17 20:03:56.062, 8, 520, 13.08, 54
2026/07/17 20:03:57.063, 7, 520, 13.08, 54
2026/07/17 20:03:58.063, 7, 520, 13.15, 54
2026/07/17 20:03:59.063, 7, 520, 13.15, 54
2026/07/17 20:04:00.063, 8, 520, 13.02, 54
2026/07/17 20:04:01.064, 7, 520, 12.90, 54
2026/07/17 20:04:02.064, 7, 520, 13.07, 54
2026/07/17 20:04:03.064, 7, 520, 13.12, 54
2026/07/17 20:04:04.064, 7, 520, 13.14, 54
2026/07/17 20:04:05.065, 8, 520, 13.13, 54
2026/07/17 20:04:06.065, 7, 520, 13.15, 54
2026/07/17 20:04:07.065, 8, 520, 13.31, 54
2026/07/17 20:04:08.065, 7, 520, 13.27, 54
2026/07/17 20:04:09.066, 5, 520, 13.09, 54
2026/07/17 20:04:10.066, 6, 520, 12.90, 54
2026/07/17 20:04:11.066, 7, 520, 13.14, 54
2026/07/17 20:04:12.067, 7, 520, 13.16, 54
2026/07/17 20:04:13.067, 7, 520, 13.17, 54
2026/07/17 20:04:14.067, 6, 520, 13.06, 54
2026/07/17 20:04:15.068, 6, 248, 13.09, 54
2026/07/17 20:04:16.068, 0, 114, 12.61, 54
2026/07/17 20:04:17.072, 0, 114, 12.26, 54
2026/07/17 20:04:18.072, 0, 114, 5.25, 52
2026/07/17 20:04:19.072, 0, 114, 1.76, 52
2026/07/17 20:04:20.072, 0, 114, 1.49, 52
2026/07/17 20:04:21.073, 0, 248, 6.31, 52
2026/07/17 20:04:22.073, 0, 512, 12.12, 53
2026/07/17 20:04:23.073, 2, 520, 12.52, 53
2026/07/17 20:04:24.073, 7, 520, 12.66, 53
2026/07/17 20:04:25.074, 5, 520, 12.88, 53
2026/07/17 20:04:26.074, 6, 520, 12.81, 53
2026/07/17 20:04:27.074, 2, 520, 12.76, 53
2026/07/17 20:04:28.075, 6, 520, 12.74, 53
2026/07/17 20:04:29.075, 7, 520, 12.83, 53
2026/07/17 20:04:30.075, 7, 520, 12.91, 53
2026/07/17 20:04:31.076, 7, 520, 12.92, 53
2026/07/17 20:04:32.076, 7, 520, 12.88, 53
2026/07/17 20:04:33.076, 7, 520, 12.86, 53
2026/07/17 20:04:34.077, 7, 520, 12.97, 53
2026/07/17 20:04:35.077, 4, 520, 12.81, 53
2026/07/17 20:04:36.077, 7, 520, 12.74, 53
2026/07/17 20:04:37.077, 4, 520, 12.87, 53
2026/07/17 20:04:38.078, 7, 520, 12.81, 53
2026/07/17 20:04:39.078, 7, 520, 13.11, 53
2026/07/17 20:04:40.078, 8, 520, 13.03, 53
2026/07/17 20:04:41.078, 7, 520, 12.96, 53
2026/07/17 20:04:42.079, 7, 520, 13.01, 54
2026/07/17 20:04:43.079, 5, 520, 12.98, 54
2026/07/17 20:04:44.079, 6, 520, 12.95, 54
2026/07/17 20:04:45.084, 7, 520, 13.10, 54
2026/07/17 20:04:46.085, 8, 520, 13.05, 54
2026/07/17 20:04:47.085, 8, 520, 13.00, 54
2026/07/17 20:04:48.085, 6, 520, 13.02, 54
2026/07/17 20:04:49.086, 0, 114, 12.77, 54
2026/07/17 20:04:50.086, 0, 114, 12.37, 53
2026/07/17 20:04:51.086, 0, 114, 9.85, 52
2026/07/17 20:04:52.087, 0, 114, 1.68, 52
2026/07/17 20:04:53.087, 0, 114, 1.50, 52
2026/07/17 20:04:54.087, 0, 204, 1.48, 52
2026/07/17 20:04:55.087, 0, 342, 11.52, 52
2026/07/17 20:04:56.088, 7, 520, 12.43, 53
2026/07/17 20:04:57.091, 6, 520, 13.04, 53
2026/07/17 20:04:58.092, 6, 520, 13.00, 53
2026/07/17 20:04:59.092, 6, 520, 12.99, 53
2026/07/17 20:05:00.093, 6, 520, 13.06, 53
2026/07/17 20:05:01.093, 6, 520, 12.99, 53
2026/07/17 20:05:02.093, 6, 520, 13.03, 53
2026/07/17 20:05:03.093, 6, 520, 13.00, 53
2026/07/17 20:05:04.093, 7, 520, 12.99, 53
2026/07/17 20:05:05.094, 7, 413, 12.96, 53
2026/07/17 20:05:06.094, 0, 114, 12.67, 53
2026/07/17 20:05:07.094, 0, 114, 12.36, 53
2026/07/17 20:05:08.095, 0, 114, 5.34, 52
2026/07/17 20:05:09.095, 0, 114, 1.89, 51
2026/07/17 20:05:10.095, 0, 114, 1.51, 51
2026/07/17 20:05:11.096, 0, 114, 1.48, 50
2026/07/17 20:05:12.096, 0, 114, 1.51, 50
2026/07/17 20:05:13.097, 0, 204, 4.28, 51
2026/07/17 20:05:14.097, 0, 248, 12.21, 51
2026/07/17 20:05:15.097, 1, 520, 12.39, 51
2026/07/17 20:05:16.098, 5, 520, 12.90, 51
2026/07/17 20:05:17.098, 6, 520, 12.83, 52
2026/07/17 20:05:18.098, 7, 520, 12.83, 52
2026/07/17 20:05:19.098, 7, 520, 12.77, 52
2026/07/17 20:05:20.099, 6, 520, 12.68, 52
2026/07/17 20:05:21.099, 6, 520, 12.83, 52
2026/07/17 20:05:22.099, 7, 520, 12.99, 52
2026/07/17 20:05:23.100, 8, 520, 12.92, 52
2026/07/17 20:05:24.101, 8, 520, 12.87, 52
2026/07/17 20:05:25.102, 7, 520, 12.92, 52
2026/07/17 20:05:26.103, 7, 520, 12.98, 52
2026/07/17 20:05:27.103, 7, 520, 12.93, 52
2026/07/17 20:05:28.104, 6, 520, 12.87, 52
2026/07/17 20:05:29.105, 2, 520, 12.52, 52
2026/07/17 20:05:30.105, 5, 520, 12.44, 52
2026/07/17 20:05:31.105, 7, 520, 12.82, 53
2026/07/17 20:05:32.106, 8, 520, 12.85, 53
2026/07/17 20:05:33.111, 7, 520, 12.95, 53
2026/07/17 20:05:34.111, 7, 520, 13.11, 53
2026/07/17 20:05:35.111, 7, 520, 13.03, 53
2026/07/17 20:05:36.112, 7, 520, 13.06, 53
2026/07/17 20:05:37.113, 7, 520, 13.01, 53
2026/07/17 20:05:38.113, 6, 520, 13.16, 53
2026/07/17 20:05:39.113, 7, 520, 13.15, 53
2026/07/17 20:05:40.114, 6, 520, 13.07, 53
2026/07/17 20:05:41.114, 7, 520, 13.08, 53
2026/07/17 20:05:42.114, 6, 520, 13.11, 53
2026/07/17 20:05:43.115, 6, 248, 13.09, 53
2026/07/17 20:05:44.115, 0, 114, 12.75, 53
2026/07/17 20:05:45.116, 0, 114, 12.56, 53
2026/07/17 20:05:46.116, 0, 114, 8.66, 52
2026/07/17 20:05:47.116, 0, 114, 1.50, 51
2026/07/17 20:05:48.117, 0, 114, 1.60, 51
2026/07/17 20:05:49.117, 0, 257, 5.86, 52
2026/07/17 20:05:50.118, 11, 520, 12.36, 52
2026/07/17 20:05:51.118, 6, 520, 12.81, 52
2026/07/17 20:05:52.118, 5, 520, 12.95, 53
2026/07/17 20:05:53.119, 5, 520, 13.12, 53
2026/07/17 20:05:54.119, 6, 520, 13.07, 53
2026/07/17 20:05:55.119, 7, 520, 13.11, 53
2026/07/17 20:05:56.120, 8, 520, 13.09, 53
2026/07/17 20:05:57.121, 8, 520, 13.10, 53
2026/07/17 20:05:58.121, 7, 520, 13.09, 53
2026/07/17 20:05:59.122, 7, 520, 13.18, 53
2026/07/17 20:06:00.123, 4, 520, 13.05, 53
2026/07/17 20:06:01.124, 7, 520, 12.96, 53
2026/07/17 20:06:02.125, 7, 520, 13.12, 53
2026/07/17 20:06:03.125, 6, 520, 13.07, 53
2026/07/17 20:06:04.130, 7, 520, 13.13, 53
2026/07/17 20:06:05.131, 8, 520, 13.16, 53
2026/07/17 20:06:06.131, 7, 520, 13.08, 53
2026/07/17 20:06:07.131, 7, 520, 13.04, 53
2026/07/17 20:06:08.132, 7, 520, 13.05, 53
2026/07/17 20:06:09.132, 6, 520, 13.01, 53
2026/07/17 20:06:10.132, 7, 520, 13.11, 53
2026/07/17 20:06:11.132, 8, 520, 13.12, 53
2026/07/17 20:06:12.133, 7, 520, 13.01, 53
2026/07/17 20:06:13.133, 6, 520, 13.06, 53
2026/07/17 20:06:14.134, 0, 114, 12.81, 53
2026/07/17 20:06:15.135, 0, 114, 12.33, 53
2026/07/17 20:06:16.135, 0, 114, 12.36, 53
2026/07/17 20:06:17.136, 0, 114, 3.02, 51
2026/07/17 20:06:18.136, 0, 114, 1.58, 51
2026/07/17 20:06:19.136, 0, 204, 1.59, 51
2026/07/17 20:06:20.137, 1, 258, 6.98, 52
2026/07/17 20:06:21.137, 6, 520, 12.41, 52
2026/07/17 20:06:22.137, 6, 520, 12.76, 52
2026/07/17 20:06:23.138, 6, 520, 12.89, 52
2026/07/17 20:06:24.138, 6, 520, 12.93, 52
2026/07/17 20:06:25.138, 6, 520, 12.94, 52
2026/07/17 20:06:26.139, 6, 520, 12.82, 52
2026/07/17 20:06:27.139, 7, 520, 12.86, 52
2026/07/17 20:06:28.139, 7, 520, 12.97, 52
2026/07/17 20:06:29.140, 7, 520, 12.93, 52
2026/07/17 20:06:30.140, 7, 520, 12.94, 53
2026/07/17 20:06:31.140, 8, 520, 12.98, 53
2026/07/17 20:06:32.141, 4, 520, 12.99, 53
2026/07/17 20:06:33.141, 7, 520, 12.96, 53
2026/07/17 20:06:34.141, 6, 520, 13.04, 53
2026/07/17 20:06:35.149, 7, 520, 12.96, 53
2026/07/17 20:06:36.150, 7, 520, 13.07, 53
2026/07/17 20:06:37.151, 8, 520, 13.03, 53
2026/07/17 20:06:38.152, 5, 520, 13.11, 53
2026/07/17 20:06:39.152, 5, 520, 12.93, 53
2026/07/17 20:06:40.153, 7, 520, 13.00, 53
2026/07/17 20:06:41.154, 8, 520, 12.99, 53
2026/07/17 20:06:42.154, 6, 520, 12.98, 53
2026/07/17 20:06:43.155, 7, 520, 13.11, 53
2026/07/17 20:06:44.156, 7, 520, 13.10, 53
2026/07/17 20:06:45.157, 7, 520, 13.03, 53
2026/07/17 20:06:46.158, 5, 520, 13.03, 53
2026/07/17 20:06:47.159, 7, 114, 12.97, 53
2026/07/17 20:06:48.160, 0, 114, 12.39, 53
2026/07/17 20:06:49.161, 0, 114, 6.48, 52
2026/07/17 20:06:50.161, 0, 114, 1.52, 51
2026/07/17 20:06:51.161, 0, 114, 1.49, 51
2026/07/17 20:06:52.161, 0, 238, 5.95, 52
2026/07/17 20:06:53.161, 0, 520, 12.40, 52
2026/07/17 20:06:54.162, 6, 520, 12.79, 52
2026/07/17 20:06:55.162, 6, 520, 13.04, 52
2026/07/17 20:06:56.162, 7, 520, 13.01, 52
2026/07/17 20:06:57.163, 6, 520, 12.89, 52
2026/07/17 20:06:58.163, 6, 520, 13.05, 52
2026/07/17 20:06:59.163, 7, 520, 13.11, 53
2026/07/17 20:07:00.163, 6, 520, 13.17, 53
2026/07/17 20:07:01.164, 7, 520, 13.26, 53
2026/07/17 20:07:02.164, 8, 520, 13.31, 53
2026/07/17 20:07:03.164, 8, 520, 13.17, 53
2026/07/17 20:07:04.164, 6, 520, 13.13, 53
2026/07/17 20:07:05.165, 7, 520, 13.18, 53
2026/07/17 20:07:06.165, 6, 520, 13.19, 53
2026/07/17 20:07:07.165, 8, 520, 13.22, 53
2026/07/17 20:07:08.166, 7, 520, 13.27, 53
2026/07/17 20:07:09.166, 8, 520, 13.28, 53
2026/07/17 20:07:10.166, 7, 520, 13.26, 53
2026/07/17 20:07:11.167, 7, 520, 13.25, 53
2026/07/17 20:07:12.167, 7, 520, 13.16, 53
2026/07/17 20:07:13.168, 8, 520, 13.32, 53
2026/07/17 20:07:14.168, 5, 520, 13.21, 53
2026/07/17 20:07:15.168, 7, 520, 13.26, 53
2026/07/17 20:07:16.168, 8, 520, 13.19, 53
2026/07/17 20:07:17.168, 8, 520, 13.25, 53
2026/07/17 20:07:18.169, 6, 520, 13.20, 53
2026/07/17 20:07:19.169, 0, 248, 13.24, 53
2026/07/17 20:07:20.170, 0, 114, 12.68, 53
2026/07/17 20:07:21.170, 0, 114, 12.41, 53
2026/07/17 20:07:22.171, 0, 114, 12.39, 53
2026/07/17 20:07:23.171, 0, 114, 1.67, 51
2026/07/17 20:07:24.172, 0, 204, 1.53, 51
2026/07/17 20:07:25.172, 0, 248, 7.71, 52
2026/07/17 20:07:26.172, 0, 258, 12.59, 52
2026/07/17 20:07:27.172, 5, 520, 13.61, 52
2026/07/17 20:07:28.173, 6, 520, 12.90, 52
2026/07/17 20:07:29.173, 6, 520, 13.06, 52
2026/07/17 20:07:30.173, 6, 520, 13.01, 52
2026/07/17 20:07:31.174, 6, 520, 13.06, 52
2026/07/17 20:07:32.174, 7, 520, 12.91, 52
2026/07/17 20:07:33.174, 7, 520, 13.07, 52
2026/07/17 20:07:34.175, 8, 520, 13.09, 53
2026/07/17 20:07:35.175, 7, 520, 13.16, 53
2026/07/17 20:07:36.175, 7, 520, 13.15, 53
2026/07/17 20:07:37.176, 8, 520, 13.14, 53
2026/07/17 20:07:38.176, 8, 520, 13.12, 53
2026/07/17 20:07:39.176, 8, 520, 13.10, 53
2026/07/17 20:07:40.177, 7, 520, 13.16, 53
2026/07/17 20:07:41.177, 8, 520, 13.23, 53
2026/07/17 20:07:42.177, 7, 520, 13.16, 53
2026/07/17 20:07:43.178, 7, 520, 13.16, 53
2026/07/17 20:07:44.178, 7, 520, 13.15, 53
2026/07/17 20:07:45.178, 7, 520, 13.20, 53
2026/07/17 20:07:46.178, 7, 520, 13.16, 53
2026/07/17 20:07:47.179, 7, 520, 13.13, 53
2026/07/17 20:07:48.179, 7, 520, 13.31, 53
2026/07/17 20:07:49.179, 7, 520, 13.24, 53
2026/07/17 20:07:50.179, 7, 520, 13.22, 53
2026/07/17 20:07:51.180, 6, 520, 13.25, 53
2026/07/17 20:07:52.180, 0, 114, 13.10, 53
2026/07/17 20:07:53.181, 0, 114, 12.64, 53
2026/07/17 20:07:54.182, 0, 114, 12.56, 53
2026/07/17 20:07:55.182, 0, 114, 3.92, 52
2026/07/17 20:07:56.183, 0, 114, 1.52, 51
2026/07/17 20:07:57.183, 2, 204, 2.22, 52
2026/07/17 20:07:58.192, 0, 520, 12.40, 52
2026/07/17 20:07:59.192, 5, 520, 12.68, 52
2026/07/17 20:08:00.193, 6, 520, 13.15, 52
2026/07/17 20:08:01.193, 6, 520, 13.06, 52
2026/07/17 20:08:02.194, 8, 520, 12.99, 53
2026/07/17 20:08:03.194, 6, 520, 12.98, 53
2026/07/17 20:08:04.194, 8, 520, 13.17, 53
2026/07/17 20:08:05.194, 7, 520, 13.13, 53
2026/07/17 20:08:06.195, 8, 520, 13.16, 53
2026/07/17 20:08:07.195, 8, 520, 13.16, 53
2026/07/17 20:08:08.196, 8, 520, 13.10, 53
2026/07/17 20:08:09.196, 8, 520, 13.07, 53
2026/07/17 20:08:10.196, 7, 520, 13.09, 53
2026/07/17 20:08:11.197, 7, 520, 13.18, 53
2026/07/17 20:08:12.197, 7, 520, 13.22, 53
2026/07/17 20:08:13.197, 8, 520, 13.13, 53
2026/07/17 20:08:14.198, 8, 520, 13.16, 53
2026/07/17 20:08:15.198, 8, 520, 13.22, 53
2026/07/17 20:08:16.199, 8, 520, 13.24, 53
2026/07/17 20:08:17.199, 7, 520, 13.22, 53
2026/07/17 20:08:18.199, 8, 520, 13.21, 53
2026/07/17 20:08:19.199, 7, 520, 13.19, 53
2026/07/17 20:08:20.200, 7, 520, 13.28, 53
2026/07/17 20:08:21.200, 6, 520, 13.24, 53
2026/07/17 20:08:22.200, 7, 248, 13.19, 53
2026/07/17 20:08:23.201, 0, 114, 12.71, 53
2026/07/17 20:08:24.201, 0, 114, 12.59, 53
2026/07/17 20:08:25.201, 0, 114, 7.77, 51
2026/07/17 20:08:26.202, 0, 114, 3.13, 51
2026/07/17 20:08:27.202, 0, 204, 1.80, 51
2026/07/17 20:08:28.202, 0, 248, 12.48, 52
2026/07/17 20:08:29.203, 0, 256, 12.31, 52
2026/07/17 20:08:30.206, 3, 520, 12.58, 52
2026/07/17 20:08:31.206, 6, 520, 13.08, 52
2026/07/17 20:08:32.206, 8, 520, 13.15, 52
2026/07/17 20:08:33.207, 6, 520, 13.10, 52
2026/07/17 20:08:34.207, 6, 520, 13.05, 52
2026/07/17 20:08:35.208, 6, 520, 13.04, 52
2026/07/17 20:08:36.208, 7, 520, 13.18, 52
2026/07/17 20:08:37.208, 7, 520, 13.23, 53
2026/07/17 20:08:38.209, 7, 520, 13.19, 53
2026/07/17 20:08:39.209, 8, 520, 13.11, 53
2026/07/17 20:08:40.209, 8, 520, 13.15, 53
2026/07/17 20:08:41.209, 6, 520, 13.15, 53
2026/07/17 20:08:42.210, 7, 520, 13.20, 53
2026/07/17 20:08:43.210, 8, 520, 13.28, 53
2026/07/17 20:08:44.210, 7, 520, 13.19, 53
2026/07/17 20:08:45.211, 7, 520, 13.24, 53
2026/07/17 20:08:46.211, 7, 520, 13.19, 53
2026/07/17 20:08:47.211, 7, 520, 13.09, 53
2026/07/17 20:08:48.212, 8, 520, 13.13, 53
2026/07/17 20:08:49.212, 8, 520, 13.29, 53
2026/07/17 20:08:50.212, 7, 520, 13.25, 53
2026/07/17 20:08:51.213, 6, 520, 13.25, 53
2026/07/17 20:08:52.213, 7, 520, 13.34, 53
2026/07/17 20:08:53.213, 8, 520, 13.39, 53
2026/07/17 20:08:54.214, 8, 520, 13.46, 53
2026/07/17 20:08:55.214, 6, 520, 13.37, 53
2026/07/17 20:08:56.214, 4, 114, 13.21, 53
2026/07/17 20:08:57.214, 0, 114, 12.72, 53
2026/07/17 20:08:58.215, 0, 114, 12.65, 53
2026/07/17 20:08:59.215, 0, 114, 1.88, 52
2026/07/17 20:09:00.216, 0, 114, 1.53, 51
2026/07/17 20:09:01.216, 0, 204, 1.91, 52
2026/07/17 20:09:02.216, 0, 512, 12.00, 52
2026/07/17 20:09:03.217, 6, 520, 12.58, 52
2026/07/17 20:09:04.217, 6, 520, 13.06, 52
2026/07/17 20:09:05.217, 7, 520, 13.07, 52
2026/07/17 20:09:06.218, 7, 520, 12.99, 52
2026/07/17 20:09:07.218, 6, 520, 13.02, 52
2026/07/17 20:09:08.218, 7, 520, 13.08, 53
2026/07/17 20:09:09.219, 7, 520, 13.08, 53
2026/07/17 20:09:10.219, 7, 520, 13.04, 53
2026/07/17 20:09:11.220, 7, 520, 13.12, 53
2026/07/17 20:09:12.220, 9, 520, 13.22, 53
2026/07/17 20:09:13.220, 6, 520, 13.20, 53
2026/07/17 20:09:14.221, 7, 520, 13.18, 53
2026/07/17 20:09:15.221, 7, 520, 13.07, 53
2026/07/17 20:09:16.221, 7, 520, 13.12, 53
2026/07/17 20:09:17.222, 6, 520, 13.07, 53
2026/07/17 20:09:18.222, 7, 520, 13.12, 53
2026/07/17 20:09:19.222, 7, 520, 13.10, 53
2026/07/17 20:09:20.224, 5, 520, 12.90, 53
2026/07/17 20:09:21.224, 7, 520, 13.07, 53
2026/07/17 20:09:22.224, 7, 520, 13.12, 53
2026/07/17 20:09:23.224, 6, 520, 12.98, 53
2026/07/17 20:09:24.225, 7, 520, 13.01, 53
2026/07/17 20:09:25.225, 7, 520, 13.13, 53
2026/07/17 20:09:26.225, 7, 520, 13.18, 53
2026/07/17 20:09:27.226, 7, 520, 13.16, 53
2026/07/17 20:09:28.226, 0, 248, 12.98, 53
2026/07/17 20:09:29.226, 0, 114, 12.48, 53
2026/07/17 20:09:30.227, 0, 114, 12.37, 53
2026/07/17 20:09:31.227, 0, 114, 12.39, 53
2026/07/17 20:09:32.229, 0, 114, 3.83, 52
2026/07/17 20:09:33.229, 0, 129, 2.68, 52
2026/07/17 20:09:34.229, 0, 248, 5.18, 53
2026/07/17 20:09:35.230, 0, 520, 12.53, 53
2026/07/17 20:09:36.230, 2, 520, 12.79, 53
2026/07/17 20:09:37.230, 6, 520, 13.09, 53
2026/07/17 20:09:38.230, 6, 520, 13.16, 53
2026/07/17 20:09:39.231, 6, 520, 13.20, 53
2026/07/17 20:09:40.231, 6, 520, 13.16, 54
2026/07/17 20:09:41.231, 6, 520, 13.10, 54
2026/07/17 20:09:42.231, 7, 520, 13.23, 54
2026/07/17 20:09:43.232, 8, 520, 13.26, 54
2026/07/17 20:09:44.232, 7, 520, 13.29, 54
2026/07/17 20:09:45.232, 8, 520, 13.32, 54
2026/07/17 20:09:46.233, 8, 520, 13.36, 54
2026/07/17 20:09:47.233, 6, 520, 13.36, 54
2026/07/17 20:09:48.233, 6, 520, 13.22, 54
2026/07/17 20:09:49.234, 7, 520, 13.35, 54
2026/07/17 20:09:50.234, 0, 520, 12.92, 54
2026/07/17 20:09:51.234, 0, 520, 12.67, 54
2026/07/17 20:09:52.234, 2, 520, 12.54, 54
2026/07/17 20:09:53.235, 2, 520, 12.69, 54
2026/07/17 20:09:54.235, 2, 520, 12.68, 54
2026/07/17 20:09:55.235, 2, 520, 12.80, 54
2026/07/17 20:09:56.235, 5, 520, 12.98, 54
2026/07/17 20:09:57.236, 2, 520, 12.97, 54
2026/07/17 20:09:58.237, 8, 520, 13.08, 54
2026/07/17 20:09:59.238, 2, 520, 12.96, 54
2026/07/17 20:10:00.238, 2, 520, 12.90, 54
2026/07/17 20:10:01.238, 7, 520, 13.16, 54
2026/07/17 20:10:02.239, 5, 520, 12.96, 54
2026/07/17 20:10:03.239, 5, 520, 13.07, 54
2026/07/17 20:10:04.239, 3, 520, 13.24, 54
2026/07/17 20:10:05.240, 4, 520, 12.98, 54
2026/07/17 20:10:06.240, 2, 520, 13.10, 54
2026/07/17 20:10:07.240, 6, 520, 13.31, 54
2026/07/17 20:10:08.241, 7, 520, 13.37, 54
2026/07/17 20:10:09.241, 7, 520, 13.42, 54
2026/07/17 20:10:10.241, 8, 520, 13.46, 54
2026/07/17 20:10:11.242, 6, 520, 13.32, 54
2026/07/17 20:10:12.242, 0, 114, 13.23, 54
2026/07/17 20:10:13.242, 0, 114, 12.60, 54
2026/07/17 20:10:14.243, 0, 114, 12.73, 53
2026/07/17 20:10:15.245, 0, 114, 3.95, 52
2026/07/17 20:10:16.245, 0, 114, 1.54, 52
2026/07/17 20:10:17.246, 0, 204, 1.51, 52
2026/07/17 20:10:18.246, 0, 248, 8.64, 52
2026/07/17 20:10:19.246, 0, 344, 12.50, 52
2026/07/17 20:10:20.247, 6, 520, 12.90, 52
2026/07/17 20:10:21.247, 7, 520, 13.10, 53
2026/07/17 20:10:22.247, 6, 520, 13.09, 53
2026/07/17 20:10:23.248, 6, 520, 13.06, 53
2026/07/17 20:10:24.248, 6, 520, 13.12, 53
2026/07/17 20:10:25.249, 9, 520, 13.10, 53
2026/07/17 20:10:26.249, 7, 520, 13.16, 53
2026/07/17 20:10:27.249, 7, 520, 13.14, 53
2026/07/17 20:10:28.250, 7, 520, 13.22, 53
2026/07/17 20:10:29.250, 8, 520, 13.24, 53
2026/07/17 20:10:30.250, 7, 520, 13.13, 53
2026/07/17 20:10:31.251, 4, 520, 13.08, 53
2026/07/17 20:10:32.251, 8, 520, 13.03, 53
2026/07/17 20:10:33.251, 7, 520, 12.99, 53
2026/07/17 20:10:34.252, 7, 520, 13.14, 53
2026/07/17 20:10:35.252, 5, 520, 13.06, 53
2026/07/17 20:10:36.252, 2, 520, 13.02, 53
2026/07/17 20:10:37.253, 7, 520, 13.06, 53
2026/07/17 20:10:38.253, 4, 520, 13.15, 53
2026/07/17 20:10:39.253, 7, 520, 13.13, 54
2026/07/17 20:10:40.253, 6, 520, 13.25, 54
2026/07/17 20:10:41.254, 7, 520, 13.34, 54
2026/07/17 20:10:42.254, 7, 520, 13.49, 54
2026/07/17 20:10:43.254, 8, 520, 13.39, 54
2026/07/17 20:10:44.255, 6, 520, 13.38, 54
2026/07/17 20:10:45.255, 7, 248, 13.21, 54
2026/07/17 20:10:46.256, 0, 114, 12.69, 53
2026/07/17 20:10:47.256, 0, 114, 12.58, 53
2026/07/17 20:10:48.256, 0, 114, 7.13, 52
2026/07/17 20:10:49.256, 0, 114, 2.50, 51
2026/07/17 20:10:50.257, 0, 114, 2.26, 51
2026/07/17 20:10:51.257, 0, 248, 4.82, 52
2026/07/17 20:10:52.257, 2, 520, 12.40, 52
2026/07/17 20:10:53.259, 7, 520, 12.77, 52
2026/07/17 20:10:54.259, 6, 520, 13.07, 53
2026/07/17 20:10:55.260, 6, 520, 13.01, 53
2026/07/17 20:10:56.260, 6, 520, 12.95, 53
2026/07/17 20:10:57.260, 7, 520, 12.99, 53
2026/07/17 20:10:58.261, 7, 520, 12.88, 53
2026/07/17 20:10:59.261, 7, 520, 12.94, 53
2026/07/17 20:11:00.261, 7, 520, 13.02, 53
2026/07/17 20:11:01.263, 9, 520, 13.01, 53
2026/07/17 20:11:02.264, 5, 520, 13.04, 53
2026/07/17 20:11:03.264, 7, 520, 13.07, 53
2026/07/17 20:11:04.265, 8, 520, 13.05, 53
2026/07/17 20:11:05.266, 8, 520, 13.05, 53
2026/07/17 20:11:06.268, 8, 520, 13.00, 53
2026/07/17 20:11:07.268, 9, 520, 12.99, 53
2026/07/17 20:11:08.268, 9, 520, 12.93, 53
2026/07/17 20:11:09.269, 7, 520, 13.09, 53
2026/07/17 20:11:10.269, 7, 520, 13.11, 53
2026/07/17 20:11:11.270, 7, 520, 13.01, 53
2026/07/17 20:11:12.272, 7, 520, 13.11, 53
2026/07/17 20:11:13.274, 7, 520, 13.07, 53
2026/07/17 20:11:14.276, 8, 520, 13.13, 53
2026/07/17 20:11:15.276, 6, 520, 13.02, 53
2026/07/17 20:11:16.276, 0, 114, 12.74, 53
2026/07/17 20:11:17.277, 0, 114, 12.31, 53
2026/07/17 20:11:18.278, 0, 114, 7.72, 52
2026/07/17 20:11:19.279, 0, 114, 2.27, 51
2026/07/17 20:11:20.279, 0, 114, 1.56, 51
2026/07/17 20:11:21.283, 0, 204, 1.53, 51
2026/07/17 20:11:22.284, 1, 248, 11.10, 52
2026/07/17 20:11:23.286, 0, 520, 13.70, 52
2026/07/17 20:11:24.286, 6, 520, 12.56, 52
2026/07/17 20:11:25.287, 6, 520, 12.93, 52
2026/07/17 20:11:26.287, 6, 520, 12.96, 52
2026/07/17 20:11:27.287, 6, 520, 12.98, 52
2026/07/17 20:11:28.288, 6, 520, 13.04, 52
2026/07/17 20:11:29.288, 6, 520, 13.06, 52
2026/07/17 20:11:30.288, 7, 520, 12.93, 52
2026/07/17 20:11:31.289, 5, 520, 12.98, 52
2026/07/17 20:11:32.289, 6, 520, 13.02, 52
2026/07/17 20:11:33.289, 5, 520, 12.91, 52
2026/07/17 20:11:34.289, 6, 520, 12.93, 52
2026/07/17 20:11:35.290, 8, 520, 13.06, 53
2026/07/17 20:11:36.290, 7, 520, 13.16, 53
2026/07/17 20:11:37.290, 7, 520, 13.13, 53
2026/07/17 20:11:38.290, 8, 520, 13.13, 53
2026/07/17 20:11:39.291, 7, 520, 13.08, 53
2026/07/17 20:11:40.291, 6, 520, 13.13, 53
2026/07/17 20:11:41.291, 8, 520, 13.07, 53
2026/07/17 20:11:42.291, 2, 520, 12.75, 53
2026/07/17 20:11:43.292, 7, 520, 13.10, 53
2026/07/17 20:11:44.292, 8, 520, 13.18, 53
2026/07/17 20:11:45.292, 5, 520, 13.09, 53
2026/07/17 20:11:46.292, 7, 520, 13.21, 53
2026/07/17 20:11:47.293, 6, 520, 13.27, 53
2026/07/17 20:11:48.293, 6, 520, 13.11, 53
2026/07/17 20:11:49.293, 4, 520, 13.18, 53
2026/07/17 20:11:50.293, 7, 520, 13.09, 53
2026/07/17 20:11:51.293, 6, 520, 13.18, 53
2026/07/17 20:11:52.294, 8, 520, 13.12, 53
2026/07/17 20:11:53.294, 7, 520, 13.02, 53
2026/07/17 20:11:54.294, 7, 520, 13.03, 53
2026/07/17 20:11:55.295, 7, 520, 13.12, 53
2026/07/17 20:11:56.295, 6, 248, 13.14, 53
2026/07/17 20:11:57.295, 0, 114, 12.73, 53
2026/07/17 20:11:58.296, 0, 114, 12.36, 53
2026/07/17 20:11:59.296, 0, 114, 6.41, 52
2026/07/17 20:12:00.296, 0, 114, 1.79, 51
2026/07/17 20:12:01.296, 0, 114, 1.80, 51
2026/07/17 20:12:02.297, 0, 248, 5.70, 52
2026/07/17 20:12:03.297, 0, 511, 12.48, 52
2026/07/17 20:12:04.299, 6, 520, 13.10, 52
2026/07/17 20:12:05.299, 6, 520, 13.06, 52
2026/07/17 20:12:06.300, 5, 520, 13.05, 52
2026/07/17 20:12:07.300, 6, 520, 12.81, 53
2026/07/17 20:12:08.300, 6, 520, 12.80, 53
2026/07/17 20:12:09.301, 7, 520, 12.88, 53
2026/07/17 20:12:10.301, 7, 520, 13.02, 53
2026/07/17 20:12:11.301, 7, 520, 12.99, 53
2026/07/17 20:12:12.302, 7, 520, 12.90, 53
2026/07/17 20:12:13.302, 7, 520, 13.01, 53
2026/07/17 20:12:14.302, 6, 520, 13.07, 53
2026/07/17 20:12:15.302, 6, 520, 13.04, 53
2026/07/17 20:12:16.303, 7, 520, 13.05, 53
2026/07/17 20:12:17.303, 6, 520, 13.06, 53
2026/07/17 20:12:18.303, 6, 520, 13.08, 53
2026/07/17 20:12:19.303, 7, 520, 13.20, 53
2026/07/17 20:12:20.304, 7, 520, 13.19, 53
2026/07/17 20:12:21.304, 7, 520, 13.23, 53
2026/07/17 20:12:22.304, 7, 520, 13.19, 53
2026/07/17 20:12:23.304, 7, 520, 13.10, 53
2026/07/17 20:12:24.304, 7, 520, 13.16, 53
2026/07/17 20:12:25.304, 7, 520, 13.01, 53
2026/07/17 20:12:26.305, 7, 520, 13.08, 53
2026/07/17 20:12:27.305, 8, 520, 13.13, 53
2026/07/17 20:12:28.305, 7, 520, 13.09, 53
2026/07/17 20:12:29.305, 7, 520, 13.01, 53
2026/07/17 20:12:30.306, 7, 520, 13.06, 54
2026/07/17 20:12:31.306, 7, 520, 13.15, 54
2026/07/17 20:12:32.306, 7, 520, 13.18, 54
2026/07/17 20:12:33.307, 6, 520, 13.06, 54
2026/07/17 20:12:34.307, 7, 520, 13.07, 54
2026/07/17 20:12:35.307, 6, 520, 13.11, 54
2026/07/17 20:12:36.308, 7, 520, 13.09, 54
2026/07/17 20:12:37.308, 7, 520, 13.09, 54
2026/07/17 20:12:38.308, 7, 520, 13.21, 54
2026/07/17 20:12:39.309, 7, 520, 13.18, 54
2026/07/17 20:12:40.309, 7, 248, 12.87, 54
2026/07/17 20:12:41.310, 0, 114, 12.46, 53
2026/07/17 20:12:42.310, 0, 114, 12.49, 53
2026/07/17 20:12:43.310, 0, 114, 3.97, 52
2026/07/17 20:12:44.310, 0, 114, 2.67, 52
2026/07/17 20:12:45.311, 0, 204, 3.22, 52
2026/07/17 20:12:46.311, 0, 329, 12.41, 53
2026/07/17 20:12:47.311, 1, 520, 12.68, 53
2026/07/17 20:12:48.312, 6, 520, 13.02, 53
2026/07/17 20:12:49.312, 6, 520, 12.98, 53
2026/07/17 20:12:50.312, 6, 520, 13.04, 53
2026/07/17 20:12:51.312, 5, 520, 13.09, 53
2026/07/17 20:12:52.313, 6, 520, 13.21, 53
2026/07/17 20:12:53.313, 8, 520, 13.21, 53
2026/07/17 20:12:54.313, 7, 520, 13.22, 53
2026/07/17 20:12:55.314, 7, 520, 13.20, 53
2026/07/17 20:12:56.314, 8, 520, 13.20, 53
2026/07/17 20:12:57.314, 7, 520, 13.18, 53
2026/07/17 20:12:58.314, 3, 520, 12.90, 53
2026/07/17 20:12:59.315, 1, 520, 12.70, 53
2026/07/17 20:13:00.315, 2, 520, 12.73, 53
2026/07/17 20:13:01.315, 7, 520, 13.14, 53
2026/07/17 20:13:02.315, 7, 520, 13.18, 53
2026/07/17 20:13:03.316, 7, 520, 13.21, 53
2026/07/17 20:13:04.316, 7, 520, 13.18, 53
2026/07/17 20:13:05.316, 7, 520, 13.15, 53
2026/07/17 20:13:06.317, 8, 520, 13.14, 53
2026/07/17 20:13:07.317, 8, 520, 13.18, 53
2026/07/17 20:13:08.317, 7, 520, 13.19, 53
2026/07/17 20:13:09.317, 6, 520, 13.34, 53
2026/07/17 20:13:10.325, 7, 520, 13.29, 53
2026/07/17 20:13:11.325, 7, 520, 13.29, 53
2026/07/17 20:13:12.326, 7, 520, 13.37, 53
2026/07/17 20:13:13.326, 6, 248, 13.27, 53
2026/07/17 20:13:14.326, 0, 114, 12.77, 53
2026/07/17 20:13:15.327, 0, 114, 12.74, 53
2026/07/17 20:13:16.327, 0, 114, 8.86, 52
2026/07/17 20:13:17.331, 0, 114, 5.41, 52
2026/07/17 20:13:18.331, 0, 114, 1.72, 52
2026/07/17 20:13:19.332, 2, 204, 7.55, 52
2026/07/17 20:13:20.332, 0, 329, 12.73, 52
2026/07/17 20:13:21.332, 5, 520, 12.97, 53
2026/07/17 20:13:22.332, 6, 520, 13.22, 53
2026/07/17 20:13:23.333, 6, 520, 13.31, 53
2026/07/17 20:13:24.333, 6, 520, 13.37, 53
2026/07/17 20:13:25.333, 5, 520, 13.30, 53
2026/07/17 20:13:26.333, 6, 520, 13.34, 53
2026/07/17 20:13:27.334, 7, 520, 13.38, 53
2026/07/17 20:13:28.334, 7, 520, 13.37, 53
2026/07/17 20:13:29.334, 7, 520, 13.33, 53
2026/07/17 20:13:30.335, 7, 520, 13.33, 53
2026/07/17 20:13:31.335, 8, 520, 13.27, 53
2026/07/17 20:13:32.335, 3, 520, 13.11, 53
2026/07/17 20:13:33.336, 7, 520, 13.26, 53
2026/07/17 20:13:34.336, 2, 520, 13.09, 53
2026/07/17 20:13:35.336, 2, 520, 13.04, 53
2026/07/17 20:13:36.337, 7, 520, 13.24, 53
2026/07/17 20:13:37.337, 7, 520, 13.44, 53
2026/07/17 20:13:38.337, 7, 520, 13.27, 53
2026/07/17 20:13:39.338, 7, 520, 13.36, 53
2026/07/17 20:13:40.338, 7, 520, 13.35, 53
2026/07/17 20:13:41.338, 7, 520, 13.42, 53
2026/07/17 20:13:42.338, 6, 520, 13.28, 54
2026/07/17 20:13:43.339, 8, 520, 13.15, 54
2026/07/17 20:13:44.339, 7, 520, 13.32, 54
2026/07/17 20:13:45.340, 8, 520, 13.29, 54
2026/07/17 20:13:46.341, 6, 520, 13.33, 54
2026/07/17 20:13:47.342, 6, 248, 13.25, 54
2026/07/17 20:13:48.342, 0, 114, 12.58, 53
2026/07/17 20:13:49.342, 0, 114, 12.85, 53
2026/07/17 20:13:50.343, 0, 114, 7.45, 52
2026/07/17 20:13:51.343, 0, 114, 1.96, 52
2026/07/17 20:13:52.343, 0, 202, 2.79, 51
2026/07/17 20:13:53.344, 0, 248, 12.50, 52
2026/07/17 20:13:54.344, 1, 520, 12.74, 52
2026/07/17 20:13:55.344, 6, 520, 13.07, 52
2026/07/17 20:13:56.344, 6, 520, 13.09, 52
2026/07/17 20:13:57.345, 7, 520, 13.13, 52
2026/07/17 20:13:58.345, 5, 520, 13.10, 52
2026/07/17 20:13:59.346, 6, 520, 13.11, 52
2026/07/17 20:14:00.346, 7, 520, 13.15, 52
2026/07/17 20:14:01.347, 6, 520, 13.15, 52
2026/07/17 20:14:02.348, 6, 520, 13.16, 52
2026/07/17 20:14:03.349, 6, 520, 13.16, 52
2026/07/17 20:14:04.349, 7, 520, 13.28, 52
2026/07/17 20:14:05.351, 6, 520, 13.08, 53
2026/07/17 20:14:06.351, 6, 520, 13.18, 53
2026/07/17 20:14:07.352, 6, 520, 13.22, 53
2026/07/17 20:14:08.353, 6, 520, 13.13, 53
2026/07/17 20:14:09.358, 7, 520, 13.24, 53
2026/07/17 20:14:10.358, 8, 520, 13.19, 53
2026/07/17 20:14:11.358, 7, 520, 13.11, 53
2026/07/17 20:14:12.359, 7, 520, 13.13, 53
2026/07/17 20:14:13.359, 7, 520, 13.22, 53
2026/07/17 20:14:14.359, 7, 520, 13.32, 53
2026/07/17 20:14:15.359, 7, 520, 13.22, 53
2026/07/17 20:14:16.360, 7, 520, 13.24, 53
2026/07/17 20:14:17.360, 8, 520, 13.26, 53
2026/07/17 20:14:18.360, 5, 520, 13.25, 53
2026/07/17 20:14:19.361, 7, 520, 13.24, 53
2026/07/17 20:14:20.362, 7, 520, 13.30, 53
2026/07/17 20:14:21.363, 7, 520, 13.21, 53
2026/07/17 20:14:22.363, 5, 520, 13.19, 53
2026/07/17 20:14:23.364, 6, 520, 13.19, 53
2026/07/17 20:14:24.365, 8, 520, 13.26, 53
2026/07/17 20:14:25.366, 7, 520, 13.34, 53
2026/07/17 20:14:26.366, 8, 520, 13.27, 53
2026/07/17 20:14:27.367, 7, 520, 13.23, 54
2026/07/17 20:14:28.372, 0, 114, 12.84, 53
2026/07/17 20:14:29.373, 0, 114, 12.77, 53
2026/07/17 20:14:30.373, 0, 114, 2.10, 52
2026/07/17 20:14:31.373, 0, 114, 1.92, 51
2026/07/17 20:14:32.373, 0, 114, 1.87, 51
2026/07/17 20:14:33.374, 0, 204, 1.52, 51
2026/07/17 20:14:34.374, 0, 511, 8.77, 52
2026/07/17 20:14:35.374, 5, 520, 12.78, 52
2026/07/17 20:14:36.375, 6, 520, 13.08, 52
2026/07/17 20:14:37.375, 5, 520, 13.12, 53
2026/07/17 20:14:38.375, 2, 520, 13.13, 53
2026/07/17 20:14:39.376, 6, 520, 13.13, 53
2026/07/17 20:14:40.376, 7, 520, 13.16, 53
2026/07/17 20:14:41.377, 7, 520, 13.20, 53
2026/07/17 20:14:42.377, 8, 520, 13.11, 53
2026/07/17 20:14:43.377, 7, 520, 13.18, 53
2026/07/17 20:14:44.378, 7, 520, 13.26, 53
2026/07/17 20:14:45.379, 5, 520, 13.22, 53
2026/07/17 20:14:46.379, 3, 520, 13.08, 53
2026/07/17 20:14:47.380, 7, 520, 13.09, 53
2026/07/17 20:14:48.381, 4, 520, 13.04, 53
2026/07/17 20:14:49.382, 7, 520, 13.05, 53
2026/07/17 20:14:50.382, 9, 520, 13.26, 53
2026/07/17 20:14:51.388, 7, 520, 13.39, 53
2026/07/17 20:14:52.388, 8, 520, 13.34, 53
2026/07/17 20:14:53.388, 7, 520, 13.31, 53
2026/07/17 20:14:54.388, 7, 520, 13.33, 53
2026/07/17 20:14:55.389, 7, 520, 13.31, 53
2026/07/17 20:14:56.389, 6, 520, 13.40, 53
2026/07/17 20:14:57.389, 7, 520, 13.33, 53
2026/07/17 20:14:58.389, 7, 520, 13.36, 53
2026/07/17 20:14:59.390, 8, 520, 13.32, 53
2026/07/17 20:15:00.390, 6, 520, 13.22, 53
2026/07/17 20:15:01.391, 3, 114, 13.07, 53
2026/07/17 20:15:02.392, 0, 114, 12.72, 53
2026/07/17 20:15:03.393, 0, 114, 7.86, 52
2026/07/17 20:15:04.393, 0, 114, 1.52, 51
2026/07/17 20:15:05.394, 0, 114, 1.52, 51
2026/07/17 20:15:06.394, 0, 248, 12.43, 52
2026/07/17 20:15:07.394, 0, 348, 12.44, 52
2026/07/17 20:15:08.394, 6, 520, 12.93, 52
2026/07/17 20:15:09.395, 5, 520, 13.03, 52
2026/07/17 20:15:10.395, 6, 520, 13.08, 52
2026/07/17 20:15:11.395, 6, 520, 13.03, 52
2026/07/17 20:15:12.396, 6, 520, 13.06, 52
2026/07/17 20:15:13.397, 6, 520, 12.98, 52
2026/07/17 20:15:14.397, 7, 520, 13.07, 53
2026/07/17 20:15:15.398, 7, 520, 13.06, 53
2026/07/17 20:15:16.399, 7, 520, 13.18, 53
2026/07/17 20:15:17.400, 7, 520, 13.23, 53
2026/07/17 20:15:18.401, 7, 520, 13.20, 53
2026/07/17 20:15:19.401, 8, 520, 13.16, 53
2026/07/17 20:15:20.402, 7, 520, 13.10, 53
2026/07/17 20:15:21.403, 8, 520, 13.10, 53
2026/07/17 20:15:22.404, 7, 520, 13.19, 53
2026/07/17 20:15:23.405, 8, 520, 13.23, 53
2026/07/17 20:15:24.406, 8, 520, 13.19, 53
2026/07/17 20:15:25.411, 7, 520, 13.21, 53
2026/07/17 20:15:26.411, 8, 520, 13.20, 53
2026/07/17 20:15:27.412, 6, 520, 13.22, 53
2026/07/17 20:15:28.412, 7, 520, 13.18, 53
2026/07/17 20:15:29.413, 8, 520, 13.23, 53
2026/07/17 20:15:30.413, 7, 520, 13.18, 53
2026/07/17 20:15:31.413, 7, 520, 13.11, 53
2026/07/17 20:15:32.414, 6, 248, 12.98, 53
2026/07/17 20:15:33.433, 0, 114, 12.64, 53
2026/07/17 20:15:34.434, 0, 114, 12.64, 53
2026/07/17 20:15:35.434, 0, 114, 8.39, 52
2026/07/17 20:15:36.434, 0, 114, 4.01, 51
2026/07/17 20:15:37.435, 0, 204, 3.34, 52
2026/07/17 20:15:38.435, 0, 248, 12.58, 52
2026/07/17 20:15:39.435, 0, 520, 13.12, 52
2026/07/17 20:15:40.435, 6, 520, 13.26, 53
2026/07/17 20:15:41.436, 7, 520, 13.28, 53
2026/07/17 20:15:42.436, 6, 520, 13.25, 53
2026/07/17 20:15:43.436, 6, 520, 13.24, 53
2026/07/17 20:15:44.437, 6, 520, 13.18, 53
2026/07/17 20:15:45.437, 4, 520, 13.09, 53
2026/07/17 20:15:46.437, 6, 520, 13.22, 53
2026/07/17 20:15:47.437, 7, 520, 13.23, 53
2026/07/17 20:15:48.438, 7, 520, 13.28, 53
2026/07/17 20:15:49.438, 8, 520, 13.31, 53
2026/07/17 20:15:50.438, 7, 520, 13.28, 53
2026/07/17 20:15:51.439, 7, 520, 13.22, 53
2026/07/17 20:15:52.439, 3, 520, 12.99, 53
2026/07/17 20:15:53.439, 7, 520, 13.15, 53
2026/07/17 20:15:54.440, 8, 520, 13.20, 53
2026/07/17 20:15:55.440, 7, 520, 13.17, 53
2026/07/17 20:15:56.440, 8, 520, 13.08, 53
2026/07/17 20:15:57.441, 7, 520, 13.16, 53
2026/07/17 20:15:58.441, 7, 520, 13.17, 53
2026/07/17 20:15:59.441, 7, 520, 13.30, 53
2026/07/17 20:16:00.442, 8, 520, 13.38, 53
2026/07/17 20:16:01.442, 6, 520, 13.36, 53
2026/07/17 20:16:02.442, 7, 520, 13.42, 53
2026/07/17 20:16:03.443, 8, 520, 13.33, 53
2026/07/17 20:16:04.443, 6, 520, 13.32, 53
2026/07/17 20:16:05.443, 6, 520, 13.23, 53
2026/07/17 20:16:06.443, 0, 114, 12.89, 53
2026/07/17 20:16:07.444, 0, 114, 12.70, 53
2026/07/17 20:16:08.447, 0, 114, 3.95, 52
2026/07/17 20:16:09.447, 0, 114, 1.54, 51
2026/07/17 20:16:10.448, 0, 114, 1.49, 51
2026/07/17 20:16:11.448, 2, 204, 6.82, 52
2026/07/17 20:16:12.448, 0, 327, 12.56, 52
2026/07/17 20:16:13.464, 4, 520, 12.53, 52
2026/07/17 20:16:14.464, 6, 520, 12.96, 52
2026/07/17 20:16:15.464, 6, 520, 13.09, 52
2026/07/17 20:16:16.465, 6, 520, 13.09, 52
2026/07/17 20:16:17.465, 6, 520, 13.03, 52
2026/07/17 20:16:18.465, 6, 520, 13.03, 52
2026/07/17 20:16:19.466, 7, 520, 13.21, 53
2026/07/17 20:16:20.466, 7, 520, 13.21, 53
2026/07/17 20:16:21.466, 7, 520, 13.20, 53
2026/07/17 20:16:22.467, 8, 520, 13.26, 53
2026/07/17 20:16:23.467, 7, 520, 13.25, 53
2026/07/17 20:16:24.467, 8, 520, 12.95, 53
2026/07/17 20:16:25.468, 7, 520, 13.04, 53
2026/07/17 20:16:26.468, 7, 520, 13.16, 53
2026/07/17 20:16:27.468, 7, 520, 13.25, 53
2026/07/17 20:16:28.469, 8, 520, 13.26, 53
2026/07/17 20:16:29.469, 7, 520, 13.22, 53
2026/07/17 20:16:30.469, 7, 520, 13.23, 53
2026/07/17 20:16:31.470, 8, 520, 13.30, 53
2026/07/17 20:16:32.470, 7, 520, 13.19, 53
2026/07/17 20:16:33.470, 6, 520, 13.27, 53
2026/07/17 20:16:34.470, 8, 520, 13.27, 53
2026/07/17 20:16:35.471, 7, 520, 13.24, 53
2026/07/17 20:16:36.471, 8, 520, 13.26, 53
2026/07/17 20:16:37.471, 7, 413, 13.14, 53
2026/07/17 20:16:38.472, 3, 114, 12.73, 53
2026/07/17 20:16:39.472, 0, 114, 7.80, 52
2026/07/17 20:16:40.472, 0, 114, 3.58, 51
2026/07/17 20:16:41.473, 0, 114, 1.61, 51
2026/07/17 20:16:42.473, 0, 136, 1.88, 51
2026/07/17 20:16:43.473, 0, 248, 12.57, 52
2026/07/17 20:16:44.475, 1, 520, 12.83, 52
2026/07/17 20:16:45.476, 7, 520, 13.08, 52
2026/07/17 20:16:46.476, 6, 520, 13.05, 52
2026/07/17 20:16:47.476, 5, 520, 13.09, 52
2026/07/17 20:16:48.477, 5, 520, 13.02, 53
2026/07/17 20:16:49.477, 5, 520, 13.07, 53
2026/07/17 20:16:50.477, 8, 520, 13.15, 53
2026/07/17 20:16:51.478, 7, 520, 13.12, 53
2026/07/17 20:16:52.478, 6, 520, 13.15, 53
2026/07/17 20:16:53.478, 7, 520, 13.16, 53
2026/07/17 20:16:54.479, 7, 520, 13.07, 53
2026/07/17 20:16:55.479, 3, 520, 12.89, 53
2026/07/17 20:16:56.479, 8, 520, 12.99, 53
2026/07/17 20:16:57.479, 0, 520, 12.71, 53
2026/07/17 20:16:58.480, 2, 520, 12.55, 53
2026/07/17 20:16:59.480, 2, 520, 12.65, 53
2026/07/17 20:17:00.480, 2, 520, 12.81, 53
2026/07/17 20:17:01.480, 7, 520, 13.16, 53
2026/07/17 20:17:02.481, 7, 520, 13.27, 53
2026/07/17 20:17:03.481, 6, 520, 13.09, 53
2026/07/17 20:17:04.481, 7, 520, 13.07, 53
2026/07/17 20:17:05.481, 7, 520, 13.16, 53
2026/07/17 20:17:06.482, 4, 520, 12.97, 53
2026/07/17 20:17:07.490, 6, 520, 13.23, 53
2026/07/17 20:17:08.490, 6, 520, 13.32, 53
2026/07/17 20:17:09.490, 9, 520, 13.40, 53
2026/07/17 20:17:10.490, 8, 520, 13.41, 53
2026/07/17 20:17:11.491, 7, 520, 13.31, 53
2026/07/17 20:17:12.491, 6, 520, 13.23, 53
2026/07/17 20:17:13.491, 7, 114, 13.07, 53
2026/07/17 20:17:14.491, 0, 114, 12.69, 53
2026/07/17 20:17:15.492, 0, 114, 11.36, 52
2026/07/17 20:17:16.493, 0, 114, 4.17, 52
2026/07/17 20:17:17.494, 0, 114, 2.11, 51
2026/07/17 20:17:18.494, 0, 202, 1.54, 51
2026/07/17 20:17:19.494, 0, 248, 10.06, 52
2026/07/17 20:17:20.494, 0, 329, 12.59, 52
2026/07/17 20:17:21.495, 6, 520, 12.87, 52
2026/07/17 20:17:22.495, 6, 520, 13.15, 52
2026/07/17 20:17:23.495, 7, 520, 13.20, 52
2026/07/17 20:17:24.496, 6, 520, 13.06, 52
2026/07/17 20:17:25.496, 6, 520, 13.09, 52
2026/07/17 20:17:26.496, 8, 520, 13.14, 52
2026/07/17 20:17:27.497, 7, 520, 13.16, 53
2026/07/17 20:17:28.497, 8, 520, 13.24, 53
2026/07/17 20:17:29.497, 7, 520, 13.22, 53
2026/07/17 20:17:30.497, 7, 520, 13.19, 53
2026/07/17 20:17:31.498, 7, 520, 13.13, 53
2026/07/17 20:17:32.498, 6, 520, 13.19, 53
2026/07/17 20:17:33.498, 2, 520, 12.69, 53
2026/07/17 20:17:34.499, 2, 520, 12.66, 53
2026/07/17 20:17:35.499, 6, 520, 13.09, 53
2026/07/17 20:17:36.499, 6, 520, 13.12, 53
2026/07/17 20:17:37.500, 8, 520, 13.35, 53
2026/07/17 20:17:38.500, 7, 520, 13.30, 53
2026/07/17 20:17:39.500, 8, 520, 13.32, 53
2026/07/17 20:17:40.506, 7, 520, 13.34, 53
2026/07/17 20:17:41.506, 9, 520, 13.33, 53
2026/07/17 20:17:42.506, 6, 520, 13.20, 53
2026/07/17 20:17:43.507, 9, 520, 13.26, 53
2026/07/17 20:17:44.507, 7, 520, 13.28, 53
2026/07/17 20:17:45.507, 7, 520, 13.29, 53
2026/07/17 20:17:46.507, 8, 520, 13.25, 53
2026/07/17 20:17:47.508, 6, 248, 13.00, 53
2026/07/17 20:17:48.508, 0, 114, 12.64, 53
2026/07/17 20:17:49.512, 0, 114, 12.57, 53
2026/07/17 20:17:50.513, 0, 114, 6.89, 52
2026/07/17 20:17:51.513, 0, 114, 1.93, 51
2026/07/17 20:17:52.513, 0, 114, 1.81, 51
2026/07/17 20:17:53.513, 0, 204, 6.47, 52
2026/07/17 20:17:54.528, 1, 520, 12.75, 52
2026/07/17 20:17:55.528, 6, 520, 13.14, 52
2026/07/17 20:17:56.529, 6, 520, 13.28, 52
2026/07/17 20:17:57.529, 6, 520, 13.28, 52
2026/07/17 20:17:58.530, 7, 520, 13.17, 52
2026/07/17 20:17:59.530, 7, 520, 13.25, 53
2026/07/17 20:18:00.530, 9, 520, 13.29, 53
2026/07/17 20:18:01.530, 7, 520, 13.31, 53
2026/07/17 20:18:02.531, 8, 520, 13.25, 53
2026/07/17 20:18:03.531, 7, 520, 13.30, 53
2026/07/17 20:18:04.531, 4, 520, 13.25, 53
2026/07/17 20:18:05.532, 5, 520, 13.36, 53
2026/07/17 20:18:06.532, 6, 520, 13.34, 53
2026/07/17 20:18:07.532, 6, 520, 13.43, 53
2026/07/17 20:18:08.532, 6, 520, 13.53, 53
2026/07/17 20:18:09.533, 8, 520, 13.44, 53
2026/07/17 20:18:10.533, 8, 520, 13.43, 53
2026/07/17 20:18:11.533, 7, 520, 13.34, 53
2026/07/17 20:18:12.534, 6, 520, 13.37, 53
2026/07/17 20:18:13.534, 5, 520, 13.39, 53
2026/07/17 20:18:14.534, 8, 520, 13.45, 53
2026/07/17 20:18:15.534, 7, 520, 13.43, 53
2026/07/17 20:18:16.535, 7, 520, 13.40, 53
2026/07/17 20:18:17.535, 5, 520, 13.35, 53
2026/07/17 20:18:18.536, 7, 114, 13.22, 53
2026/07/17 20:18:19.536, 0, 114, 12.86, 53
2026/07/17 20:18:20.536, 0, 114, 7.91, 52
2026/07/17 20:18:21.537, 0, 114, 7.95, 52
2026/07/17 20:18:22.537, 0, 114, 1.53, 51
2026/07/17 20:18:23.537, 0, 204, 3.49, 52
2026/07/17 20:18:24.538, 0, 248, 12.58, 52
2026/07/17 20:18:25.538, 0, 346, 12.56, 52
2026/07/17 20:18:26.538, 2, 520, 12.94, 52
2026/07/17 20:18:27.539, 7, 520, 13.16, 52
2026/07/17 20:18:28.539, 6, 520, 13.28, 52
2026/07/17 20:18:29.539, 5, 520, 13.13, 52
2026/07/17 20:18:30.539, 7, 520, 13.19, 52
2026/07/17 20:18:31.540, 7, 520, 13.15, 52
2026/07/17 20:18:32.540, 8, 520, 13.15, 52
2026/07/17 20:18:33.540, 6, 520, 13.08, 52
2026/07/17 20:18:34.540, 7, 248, 13.04, 52
2026/07/17 20:18:35.541, 0, 114, 12.61, 52
2026/07/17 20:18:36.547, 0, 114, 12.54, 52
2026/07/17 20:18:37.547, 0, 114, 2.85, 51
2026/07/17 20:18:38.548, 0, 114, 1.54, 50
2026/07/17 20:18:39.548, 0, 114, 1.47, 50
2026/07/17 20:18:40.549, 0, 114, 1.47, 50
2026/07/17 20:18:41.549, 0, 114, 1.55, 49
2026/07/17 20:18:42.549, 0, 114, 1.64, 49
2026/07/17 20:18:43.549, 0, 248, 8.82, 50
2026/07/17 20:18:44.549, 1, 520, 12.57, 51
2026/07/17 20:18:45.550, 4, 520, 12.89, 51
2026/07/17 20:18:46.550, 6, 520, 13.10, 51
2026/07/17 20:18:47.550, 6, 520, 13.03, 51
2026/07/17 20:18:48.550, 6, 520, 13.03, 51
2026/07/17 20:18:49.551, 7, 520, 13.17, 51
2026/07/17 20:18:50.551, 8, 520, 13.23, 51
2026/07/17 20:18:51.551, 7, 520, 13.22, 52
2026/07/17 20:18:52.552, 9, 520, 13.28, 52
2026/07/17 20:18:53.552, 7, 520, 13.39, 52
2026/07/17 20:18:54.552, 8, 520, 13.32, 52
2026/07/17 20:18:55.553, 7, 520, 13.23, 52
2026/07/17 20:18:56.553, 7, 520, 13.28, 52
2026/07/17 20:18:57.553, 8, 520, 13.28, 52
2026/07/17 20:18:58.553, 8, 520, 13.16, 52
2026/07/17 20:18:59.554, 6, 520, 13.12, 52
2026/07/17 20:19:00.554, 8, 520, 13.37, 52
2026/07/17 20:19:01.554, 8, 520, 13.31, 52
2026/07/17 20:19:02.554, 7, 520, 13.33, 52
2026/07/17 20:19:03.555, 8, 520, 13.34, 52
2026/07/17 20:19:04.555, 7, 520, 13.30, 53
2026/07/17 20:19:05.555, 8, 520, 13.29, 53
2026/07/17 20:19:06.555, 8, 520, 13.21, 53
2026/07/17 20:19:07.556, 8, 520, 13.24, 53
2026/07/17 20:19:08.556, 8, 520, 13.27, 53
2026/07/17 20:19:09.557, 7, 520, 13.27, 53
2026/07/17 20:19:10.558, 8, 520, 13.33, 53
2026/07/17 20:19:11.558, 8, 520, 13.35, 53
2026/07/17 20:19:12.563, 7, 520, 13.40, 53
2026/07/17 20:19:13.563, 7, 520, 13.33, 53
2026/07/17 20:19:14.563, 7, 520, 13.35, 53
2026/07/17 20:19:15.563, 7, 520, 13.33, 53
2026/07/17 20:19:16.564, 8, 520, 13.30, 53
2026/07/17 20:19:17.564, 7, 520, 13.36, 53
2026/07/17 20:19:18.564, 8, 520, 13.30, 53
2026/07/17 20:19:19.564, 0, 114, 12.80, 53
2026/07/17 20:19:20.566, 0, 114, 12.69, 53
2026/07/17 20:19:21.566, 0, 114, 7.99, 52
2026/07/17 20:19:22.574, 0, 114, 2.03, 51
2026/07/17 20:19:23.574, 0, 114, 1.53, 51
2026/07/17 20:19:24.575, 0, 204, 2.85, 52
2026/07/17 20:19:25.575, 0, 248, 12.49, 52
2026/07/17 20:19:26.577, 0, 520, 13.11, 52
2026/07/17 20:19:27.577, 7, 520, 13.05, 52
2026/07/17 20:19:28.578, 4, 520, 13.15, 52
2026/07/17 20:19:29.578, 5, 520, 13.14, 52
2026/07/17 20:19:30.579, 7, 520, 13.19, 52
2026/07/17 20:19:31.579, 6, 520, 13.20, 52
2026/07/17 20:19:32.579, 7, 520, 13.23, 52
2026/07/17 20:19:33.579, 8, 520, 13.21, 52
2026/07/17 20:19:34.580, 7, 520, 13.30, 52
2026/07/17 20:19:35.580, 8, 520, 13.36, 52
2026/07/17 20:19:36.580, 8, 520, 13.44, 52
2026/07/17 20:19:37.580, 8, 520, 13.30, 53
2026/07/17 20:19:38.581, 8, 520, 13.39, 53
2026/07/17 20:19:39.582, 5, 520, 13.33, 53
2026/07/17 20:19:40.582, 7, 520, 13.37, 53
2026/07/17 20:19:41.583, 8, 520, 13.33, 53
2026/07/17 20:19:42.583, 5, 520, 13.32, 53
2026/07/17 20:19:43.583, 8, 520, 13.32, 53
2026/07/17 20:19:44.584, 7, 520, 13.38, 53
2026/07/17 20:19:45.584, 6, 520, 13.41, 53
2026/07/17 20:19:46.584, 4, 520, 13.34, 53
2026/07/17 20:19:47.585, 7, 520, 13.42, 53
2026/07/17 20:19:48.585, 6, 520, 13.47, 53
2026/07/17 20:19:49.586, 6, 520, 13.48, 53
2026/07/17 20:19:50.587, 5, 520, 13.40, 53
2026/07/17 20:19:51.587, 4, 114, 13.07, 53
2026/07/17 20:19:52.588, 0, 114, 12.67, 53
2026/07/17 20:19:53.590, 0, 114, 2.57, 51
2026/07/17 20:19:54.591, 0, 114, 2.20, 51
2026/07/17 20:19:55.592, 0, 114, 1.61, 51
2026/07/17 20:19:56.592, 0, 204, 5.57, 52
2026/07/17 20:19:57.592, 0, 248, 12.69, 52
2026/07/17 20:19:58.593, 0, 520, 13.20, 52
2026/07/17 20:19:59.593, 2, 520, 13.15, 52
2026/07/17 20:20:00.593, 5, 520, 13.23, 52
2026/07/17 20:20:01.594, 5, 520, 13.27, 52
2026/07/17 20:20:02.594, 7, 520, 13.27, 52
2026/07/17 20:20:03.594, 2, 520, 13.17, 52
2026/07/17 20:20:04.594, 6, 520, 13.31, 52
2026/07/17 20:20:05.595, 7, 520, 13.33, 52
2026/07/17 20:20:06.595, 7, 520, 13.32, 52
2026/07/17 20:20:07.595, 7, 520, 13.38, 52
2026/07/17 20:20:08.596, 7, 520, 13.38, 52
2026/07/17 20:20:09.597, 7, 520, 13.29, 52
2026/07/17 20:20:10.597, 5, 520, 13.18, 52
2026/07/17 20:20:11.598, 7, 520, 13.16, 52
2026/07/17 20:20:12.598, 6, 520, 13.12, 53
2026/07/17 20:20:13.600, 5, 520, 13.34, 53
2026/07/17 20:20:14.601, 5, 520, 13.37, 53
2026/07/17 20:20:15.607, 8, 520, 13.35, 53
2026/07/17 20:20:16.607, 8, 520, 13.24, 53
2026/07/17 20:20:17.608, 7, 520, 13.24, 53
2026/07/17 20:20:18.608, 7, 520, 13.20, 53
2026/07/17 20:20:19.608, 6, 520, 13.27, 53
2026/07/17 20:20:20.609, 6, 520, 13.24, 53
2026/07/17 20:20:21.609, 7, 520, 13.35, 53
2026/07/17 20:20:22.609, 8, 520, 13.32, 53
2026/07/17 20:20:23.610, 7, 520, 13.31, 53
2026/07/17 20:20:24.610, 7, 520, 13.16, 53
2026/07/17 20:20:25.610, 6, 114, 12.92, 53
2026/07/17 20:20:26.611, 0, 114, 12.73, 53
2026/07/17 20:20:27.612, 0, 114, 7.50, 51
2026/07/17 20:20:28.612, 0, 114, 1.51, 51
2026/07/17 20:20:29.612, 0, 129, 1.66, 51
2026/07/17 20:20:30.613, 0, 248, 10.15, 52
2026/07/17 20:20:31.613, 0, 248, 12.44, 52
2026/07/17 20:20:32.613, 0, 520, 12.65, 52
2026/07/17 20:20:33.613, 6, 520, 13.08, 52
2026/07/17 20:20:34.614, 6, 520, 13.29, 52
2026/07/17 20:20:35.617, 6, 520, 13.40, 52
2026/07/17 20:20:36.617, 6, 520, 13.27, 52
2026/07/17 20:20:37.618, 6, 520, 13.22, 52
2026/07/17 20:20:38.618, 6, 520, 13.20, 52
2026/07/17 20:20:39.618, 6, 520, 13.17, 52
2026/07/17 20:20:40.619, 5, 520, 13.18, 52
2026/07/17 20:20:41.619, 6, 520, 13.18, 52
2026/07/17 20:20:42.619, 6, 520, 13.14, 52
2026/07/17 20:20:43.620, 6, 520, 13.13, 52
2026/07/17 20:20:44.620, 7, 520, 13.15, 52
2026/07/17 20:20:45.620, 7, 520, 13.17, 52
2026/07/17 20:20:46.621, 6, 520, 13.23, 53
2026/07/17 20:20:47.622, 6, 520, 12.93, 52
2026/07/17 20:20:48.624, 27, 520, 8.62, 52
2026/07/17 20:20:49.625, 34, 520, 8.27, 51
2026/07/17 20:20:50.625, 32, 520, 8.11, 51
2026/07/17 20:20:51.626, 32, 520, 8.11, 51
2026/07/17 20:20:52.641, 35, 520, 7.89, 51
2026/07/17 20:20:53.641, 31, 520, 7.71, 51
2026/07/17 20:20:54.641, 30, 520, 7.86, 51
2026/07/17 20:20:55.641, 32, 520, 7.91, 51
2026/07/17 20:20:56.642, 32, 520, 8.00, 51
2026/07/17 20:20:57.642, 31, 520, 7.54, 51
2026/07/17 20:20:58.643, 0, 114, 5.95, 51
2026/07/17 20:20:59.643, 0, 114, 2.79, 50
2026/07/17 20:21:00.643, 0, 114, 2.28, 50
2026/07/17 20:21:01.644, 0, 114, 1.69, 50
2026/07/17 20:21:02.644, 0, 114, 1.57, 49
2026/07/17 20:21:03.644, 0, 114, 1.55, 49
2026/07/17 20:21:04.645, 0, 204, 3.21, 50
2026/07/17 20:21:05.645, 0, 348, 12.42, 50
2026/07/17 20:21:06.645, 0, 520, 12.86, 51
2026/07/17 20:21:07.645, 6, 520, 13.14, 51
2026/07/17 20:21:08.646, 7, 520, 13.15, 51
2026/07/17 20:21:09.646, 7, 520, 13.19, 51
2026/07/17 20:21:10.647, 2, 520, 13.09, 51
2026/07/17 20:21:11.647, 6, 520, 13.23, 51
2026/07/17 20:21:12.647, 8, 520, 13.19, 51
2026/07/17 20:21:13.647, 7, 520, 13.14, 51
2026/07/17 20:21:14.648, 6, 520, 13.17, 52
2026/07/17 20:21:15.648, 7, 520, 13.17, 52
2026/07/17 20:21:16.648, 7, 520, 13.19, 52
2026/07/17 20:21:17.649, 8, 520, 13.08, 52
2026/07/17 20:21:18.649, 8, 520, 13.13, 52
2026/07/17 20:21:19.649, 8, 520, 13.17, 52
2026/07/17 20:21:20.650, 7, 520, 13.21, 52
2026/07/17 20:21:21.650, 7, 520, 13.20, 52
2026/07/17 20:21:22.650, 7, 520, 13.08, 52
2026/07/17 20:21:23.651, 7, 520, 13.11, 52
2026/07/17 20:21:24.651, 8, 520, 13.14, 52
2026/07/17 20:21:25.651, 6, 520, 13.19, 52
2026/07/17 20:21:26.651, 7, 520, 13.10, 52
2026/07/17 20:21:27.652, 7, 520, 13.11, 52
2026/07/17 20:21:28.652, 7, 520, 13.20, 52
2026/07/17 20:21:29.652, 6, 520, 13.31, 52
2026/07/17 20:21:30.652, 5, 248, 13.02, 52
2026/07/17 20:21:31.653, 0, 114, 12.53, 52
2026/07/17 20:21:32.653, 0, 114, 12.78, 52
2026/07/17 20:21:33.653, 0, 114, 2.22, 50
2026/07/17 20:21:34.653, 0, 114, 2.06, 50
2026/07/17 20:21:35.654, 0, 114, 1.58, 50
2026/07/17 20:21:36.654, 0, 248, 8.32, 51
2026/07/17 20:21:37.654, 1, 520, 12.49, 51
2026/07/17 20:21:38.655, 6, 520, 12.97, 51
2026/07/17 20:21:39.655, 5, 520, 12.93, 52
2026/07/17 20:21:40.655, 5, 520, 13.03, 52
2026/07/17 20:21:41.658, 6, 520, 13.16, 52
2026/07/17 20:21:42.658, 7, 520, 13.19, 52
2026/07/17 20:21:43.658, 6, 520, 13.07, 52
2026/07/17 20:21:44.658, 6, 520, 13.13, 52
2026/07/17 20:21:45.659, 7, 520, 13.17, 52
2026/07/17 20:21:46.659, 7, 520, 13.26, 52
2026/07/17 20:21:47.659, 7, 520, 13.10, 52
2026/07/17 20:21:48.660, 6, 520, 13.22, 52
2026/07/17 20:21:49.660, 7, 520, 13.26, 52
2026/07/17 20:21:50.661, 7, 520, 13.21, 52
2026/07/17 20:21:51.670, 7, 520, 13.18, 52
2026/07/17 20:21:52.670, 8, 520, 13.11, 53
2026/07/17 20:21:53.670, 7, 520, 13.14, 53
2026/07/17 20:21:54.671, 7, 520, 13.18, 53
2026/07/17 20:21:55.671, 7, 520, 13.17, 53
2026/07/17 20:21:56.671, 7, 520, 13.25, 53
2026/07/17 20:21:57.672, 6, 520, 13.25, 53
2026/07/17 20:21:58.672, 7, 520, 13.42, 53
2026/07/17 20:21:59.674, 8, 520, 13.34, 53
2026/07/17 20:22:00.674, 7, 520, 13.22, 53
2026/07/17 20:22:01.674, 6, 520, 13.20, 53
2026/07/17 20:22:02.675, 5, 248, 12.96, 53
2026/07/17 20:22:03.676, 0, 114, 12.57, 52
2026/07/17 20:22:04.676, 0, 114, 12.49, 52
2026/07/17 20:22:05.676, 0, 114, 7.73, 51
2026/07/17 20:22:06.676, 0, 114, 1.73, 51
2026/07/17 20:22:07.677, 0, 204, 2.74, 51
2026/07/17 20:22:08.677, 0, 248, 12.38, 52
2026/07/17 20:22:09.677, 0, 329, 12.60, 51
2026/07/17 20:22:10.677, 5, 520, 13.07, 51
2026/07/17 20:22:11.678, 6, 520, 13.04, 52
2026/07/17 20:22:12.678, 6, 520, 13.15, 52
2026/07/17 20:22:13.678, 6, 520, 13.13, 52
2026/07/17 20:22:14.683, 6, 520, 13.15, 52
2026/07/17 20:22:15.683, 6, 520, 13.07, 52
2026/07/17 20:22:16.683, 6, 520, 13.18, 52
2026/07/17 20:22:17.684, 7, 520, 13.16, 52
2026/07/17 20:22:18.684, 8, 520, 13.14, 52
2026/07/17 20:22:19.684, 7, 520, 13.15, 52
2026/07/17 20:22:20.684, 7, 520, 13.12, 52
2026/07/17 20:22:21.685, 6, 520, 13.15, 52
2026/07/17 20:22:22.685, 8, 520, 13.06, 52
2026/07/17 20:22:23.686, 8, 520, 13.12, 52
2026/07/17 20:22:24.687, 7, 520, 13.29, 52
2026/07/17 20:22:25.687, 7, 520, 13.31, 52
2026/07/17 20:22:26.688, 7, 520, 13.20, 53
2026/07/17 20:22:27.689, 7, 520, 13.31, 53
2026/07/17 20:22:28.690, 7, 520, 13.31, 53
2026/07/17 20:22:29.691, 7, 520, 13.44, 53
2026/07/17 20:22:30.691, 6, 520, 13.28, 53
2026/07/17 20:22:31.692, 8, 520, 13.31, 53
2026/07/17 20:22:32.697, 7, 520, 13.43, 53
2026/07/17 20:22:33.697, 8, 520, 13.42, 53
2026/07/17 20:22:34.698, 6, 520, 13.34, 53
2026/07/17 20:22:35.698, 4, 114, 13.14, 53
2026/07/17 20:22:36.698, 0, 114, 12.75, 53
2026/07/17 20:22:37.699, 0, 114, 4.05, 51
2026/07/17 20:22:38.701, 0, 114, 1.87, 51
2026/07/17 20:22:39.701, 0, 114, 1.83, 51
2026/07/17 20:22:40.702, 0, 204, 5.01, 52
2026/07/17 20:22:41.702, 0, 342, 12.62, 52
2026/07/17 20:22:42.708, 4, 520, 12.84, 52
2026/07/17 20:22:43.708, 5, 520, 13.19, 52
2026/07/17 20:22:44.708, 7, 520, 13.14, 52
2026/07/17 20:22:45.708, 6, 520, 13.03, 52
2026/07/17 20:22:46.709, 6, 520, 13.13, 52
2026/07/17 20:22:47.709, 7, 520, 13.24, 52
2026/07/17 20:22:48.709, 7, 520, 13.24, 52
2026/07/17 20:22:49.709, 7, 520, 13.19, 52
2026/07/17 20:22:50.710, 7, 520, 13.27, 52
2026/07/17 20:22:51.710, 7, 520, 13.33, 52
2026/07/17 20:22:52.710, 6, 520, 13.08, 52
2026/07/17 20:22:53.710, 8, 520, 13.11, 53
2026/07/17 20:22:54.711, 6, 520, 13.16, 53
2026/07/17 20:22:55.711, 8, 520, 13.19, 53
2026/07/17 20:22:56.714, 7, 520, 13.25, 53
2026/07/17 20:22:57.714, 7, 520, 13.15, 53
2026/07/17 20:22:58.714, 7, 520, 13.05, 53
2026/07/17 20:22:59.715, 5, 520, 13.10, 53
2026/07/17 20:23:00.715, 7, 520, 13.03, 53
2026/07/17 20:23:01.715, 7, 520, 13.09, 53
2026/07/17 20:23:02.715, 6, 520, 13.12, 53
2026/07/17 20:23:03.716, 7, 520, 13.08, 53
2026/07/17 20:23:04.716, 6, 520, 13.15, 53
2026/07/17 20:23:05.717, 8, 520, 13.26, 53
2026/07/17 20:23:06.717, 7, 520, 13.26, 53
2026/07/17 20:23:07.718, 7, 520, 13.24, 53
2026/07/17 20:23:08.719, 6, 248, 13.02, 53
2026/07/17 20:23:09.720, 0, 114, 12.65, 53
2026/07/17 20:23:10.721, 0, 114, 12.66, 53
2026/07/17 20:23:11.722, 0, 114, 7.11, 52
2026/07/17 20:23:12.723, 0, 114, 1.71, 51
2026/07/17 20:23:13.723, 0, 204, 2.30, 51
2026/07/17 20:23:14.723, 0, 329, 8.62, 52
2026/07/17 20:23:15.723, 12, 520, 12.76, 52
2026/07/17 20:23:16.732, 6, 520, 13.05, 52
2026/07/17 20:23:17.732, 6, 520, 13.06, 52
2026/07/17 20:23:18.732, 6, 520, 13.06, 52
2026/07/17 20:23:19.732, 4, 520, 13.03, 52
2026/07/17 20:23:20.733, 6, 520, 13.10, 52
2026/07/17 20:23:21.733, 7, 520, 13.27, 52
2026/07/17 20:23:22.733, 7, 520, 13.21, 53
2026/07/17 20:23:23.733, 7, 520, 13.26, 53
2026/07/17 20:23:24.734, 8, 520, 13.28, 53
2026/07/17 20:23:25.734, 8, 520, 13.27, 53
2026/07/17 20:23:26.734, 8, 520, 13.23, 53
2026/07/17 20:23:27.734, 7, 520, 13.21, 53
2026/07/17 20:23:28.735, 7, 520, 13.15, 53
2026/07/17 20:23:29.736, 7, 520, 13.15, 53
2026/07/17 20:23:30.736, 7, 520, 13.14, 53
2026/07/17 20:23:31.737, 5, 520, 13.30, 53
2026/07/17 20:23:32.743, 6, 520, 13.38, 53
2026/07/17 20:23:33.743, 7, 520, 13.47, 53
2026/07/17 20:23:34.744, 6, 520, 13.34, 53
2026/07/17 20:23:35.744, 6, 520, 13.31, 53
2026/07/17 20:23:36.744, 7, 520, 13.27, 53
2026/07/17 20:23:37.744, 8, 520, 13.26, 53
2026/07/17 20:23:38.745, 8, 520, 13.31, 53
2026/07/17 20:23:39.745, 7, 520, 13.34, 53
2026/07/17 20:23:40.745, 8, 520, 13.38, 53
2026/07/17 20:23:41.745, 7, 520, 13.29, 53
2026/07/17 20:23:42.745, 7, 520, 13.26, 53
2026/07/17 20:23:43.746, 7, 520, 13.25, 53
2026/07/17 20:23:44.746, 7, 520, 13.37, 53
2026/07/17 20:23:45.747, 7, 520, 13.37, 54
2026/07/17 20:23:46.748, 8, 520, 13.40, 54
2026/07/17 20:23:47.749, 6, 520, 13.31, 54
2026/07/17 20:23:48.749, 6, 520, 13.25, 54
2026/07/17 20:23:49.750, 7, 520, 13.28, 54
2026/07/17 20:23:50.751, 7, 114, 13.26, 54
2026/07/17 20:23:51.756, 0, 114, 12.84, 53
2026/07/17 20:23:52.758, 0, 114, 12.65, 53
2026/07/17 20:23:53.759, 0, 114, 1.96, 52
2026/07/17 20:23:54.759, 0, 114, 1.54, 52
2026/07/17 20:23:55.759, 0, 204, 6.62, 52
2026/07/17 20:23:56.760, 2, 248, 12.56, 52
2026/07/17 20:23:57.762, 0, 520, 12.68, 52
2026/07/17 20:23:58.762, 6, 520, 13.09, 52
2026/07/17 20:23:59.762, 6, 520, 13.17, 53
2026/07/17 20:24:00.762, 6, 520, 13.18, 53
2026/07/17 20:24:01.762, 6, 520, 13.11, 53
2026/07/17 20:24:02.763, 6, 520, 13.10, 53
2026/07/17 20:24:03.763, 7, 520, 13.14, 53
2026/07/17 20:24:04.763, 8, 520, 13.18, 53
2026/07/17 20:24:05.763, 7, 520, 13.15, 53
2026/07/17 20:24:06.764, 8, 520, 13.20, 53
2026/07/17 20:24:07.765, 8, 520, 13.27, 53
2026/07/17 20:24:08.766, 7, 520, 13.24, 53
2026/07/17 20:24:09.767, 7, 520, 13.22, 53
2026/07/17 20:24:10.767, 7, 520, 13.26, 53
2026/07/17 20:24:11.768, 7, 520, 13.30, 53
2026/07/17 20:24:12.774, 7, 520, 13.32, 53
2026/07/17 20:24:13.774, 7, 520, 13.33, 53
2026/07/17 20:24:14.775, 7, 520, 13.37, 53
2026/07/17 20:24:15.775, 7, 520, 13.35, 53
2026/07/17 20:24:16.775, 7, 520, 13.30, 53
2026/07/17 20:24:17.775, 7, 520, 13.47, 54
2026/07/17 20:24:18.776, 8, 520, 13.34, 54
2026/07/17 20:24:19.776, 8, 520, 13.33, 54
2026/07/17 20:24:20.776, 7, 520, 13.34, 54
2026/07/17 20:24:21.777, 6, 248, 13.24, 53
2026/07/17 20:24:22.777, 0, 114, 12.84, 53
2026/07/17 20:24:23.777, 0, 114, 12.66, 53
2026/07/17 20:24:24.778, 0, 114, 7.48, 52
2026/07/17 20:24:25.778, 0, 114, 1.87, 51
2026/07/17 20:24:26.778, 0, 202, 1.75, 51
2026/07/17 20:24:27.778, 0, 248, 9.02, 52
2026/07/17 20:24:28.779, 1, 520, 12.61, 52
2026/07/17 20:24:29.780, 7, 520, 13.05, 52
2026/07/17 20:24:30.780, 6, 520, 13.18, 53
2026/07/17 20:24:31.780, 6, 520, 13.24, 53
2026/07/17 20:24:32.784, 6, 520, 13.20, 53
2026/07/17 20:24:33.785, 6, 520, 13.10, 53
2026/07/17 20:24:34.785, 6, 520, 13.25, 53
2026/07/17 20:24:35.785, 6, 520, 13.19, 53
2026/07/17 20:24:36.786, 8, 520, 13.26, 53
2026/07/17 20:24:37.786, 7, 520, 13.29, 53
2026/07/17 20:24:38.786, 7, 520, 13.30, 53
2026/07/17 20:24:39.787, 7, 520, 13.30, 53
2026/07/17 20:24:40.787, 7, 520, 13.24, 53
2026/07/17 20:24:41.787, 7, 520, 13.16, 53
2026/07/17 20:24:42.788, 7, 520, 13.21, 53
2026/07/17 20:24:43.789, 8, 520, 13.15, 53
2026/07/17 20:24:44.790, 7, 520, 13.09, 53
2026/07/17 20:24:45.790, 7, 520, 13.18, 53
2026/07/17 20:24:46.791, 7, 520, 13.14, 53
2026/07/17 20:24:47.792, 8, 520, 13.12, 53
2026/07/17 20:24:48.793, 7, 520, 13.13, 53
2026/07/17 20:24:49.793, 7, 520, 13.14, 53
2026/07/17 20:24:50.799, 7, 520, 13.20, 53
2026/07/17 20:24:51.799, 7, 520, 13.18, 53
2026/07/17 20:24:52.799, 7, 520, 13.14, 53
2026/07/17 20:24:53.800, 8, 520, 13.16, 53
2026/07/17 20:24:54.800, 7, 520, 13.12, 53
2026/07/17 20:24:55.800, 7, 520, 13.10, 53
2026/07/17 20:24:56.801, 8, 520, 13.08, 53
2026/07/17 20:24:57.801, 8, 520, 13.09, 53
2026/07/17 20:24:58.801, 7, 520, 13.11, 53
2026/07/17 20:24:59.802, 8, 520, 13.08, 53
2026/07/17 20:25:00.802, 6, 520, 13.05, 53
2026/07/17 20:25:01.803, 7, 520, 13.10, 53
2026/07/17 20:25:02.804, 8, 520, 13.06, 53
2026/07/17 20:25:03.805, 7, 413, 13.07, 53
2026/07/17 20:25:04.806, 4, 114, 12.75, 53
2026/07/17 20:25:05.807, 0, 114, 12.50, 53
2026/07/17 20:25:06.807, 0, 114, 12.56, 53
2026/07/17 20:25:07.807, 0, 114, 7.71, 52
2026/07/17 20:25:08.807, 0, 114, 1.60, 51
2026/07/17 20:25:09.808, 0, 204, 4.13, 52
2026/07/17 20:25:10.808, 0, 325, 12.32, 52
2026/07/17 20:25:11.826, 0, 520, 12.62, 52
2026/07/17 20:25:12.826, 6, 520, 12.81, 52
2026/07/17 20:25:13.827, 7, 520, 13.03, 53
2026/07/17 20:25:14.827, 7, 520, 13.05, 53
2026/07/17 20:25:15.827, 8, 520, 13.06, 53
2026/07/17 20:25:16.828, 6, 520, 13.16, 53
2026/07/17 20:25:17.828, 7, 520, 13.29, 53
2026/07/17 20:25:18.828, 8, 520, 13.23, 53
2026/07/17 20:25:19.828, 7, 520, 13.13, 53
2026/07/17 20:25:20.829, 8, 520, 13.13, 53
2026/07/17 20:25:21.829, 7, 520, 13.13, 53
2026/07/17 20:25:22.829, 6, 520, 13.16, 53
2026/07/17 20:25:23.829, 7, 520, 13.17, 53
2026/07/17 20:25:24.829, 5, 520, 13.22, 53
2026/07/17 20:25:25.830, 7, 520, 13.25, 53
2026/07/17 20:25:26.830, 7, 520, 13.31, 53
2026/07/17 20:25:27.830, 7, 520, 13.31, 53
2026/07/17 20:25:28.831, 8, 520, 13.37, 53
2026/07/17 20:25:29.831, 7, 520, 13.40, 53
2026/07/17 20:25:30.831, 8, 520, 13.33, 53
2026/07/17 20:25:31.831, 8, 520, 13.38, 53
2026/07/17 20:25:32.832, 7, 520, 13.35, 53
2026/07/17 20:25:33.839, 7, 520, 13.29, 53
2026/07/17 20:25:34.840, 8, 520, 13.28, 53
2026/07/17 20:25:35.840, 8, 520, 13.34, 53
2026/07/17 20:25:36.840, 6, 413, 13.29, 53
2026/07/17 20:25:37.841, 0, 114, 12.90, 53
2026/07/17 20:25:38.841, 0, 114, 12.59, 53
2026/07/17 20:25:39.842, 0, 114, 1.58, 52
2026/07/17 20:25:40.842, 0, 114, 1.54, 51
2026/07/17 20:25:41.842, 0, 114, 1.52, 51
2026/07/17 20:25:42.843, 3, 248, 7.69, 52
2026/07/17 20:25:43.843, 0, 248, 13.39, 52
2026/07/17 20:25:44.843, 4, 520, 12.64, 52
2026/07/17 20:25:45.844, 6, 520, 13.06, 52
2026/07/17 20:25:46.844, 6, 520, 13.25, 52
2026/07/17 20:25:47.845, 6, 520, 13.17, 52
2026/07/17 20:25:48.845, 7, 520, 13.20, 52
2026/07/17 20:25:49.845, 6, 520, 13.18, 53
2026/07/17 20:25:50.846, 7, 520, 13.09, 53
2026/07/17 20:25:51.846, 6, 520, 13.24, 53
2026/07/17 20:25:52.846, 6, 520, 13.19, 53
2026/07/17 20:25:53.846, 6, 520, 13.29, 53
2026/07/17 20:25:54.847, 4, 520, 13.30, 53
2026/07/17 20:25:55.847, 7, 520, 13.20, 53
2026/07/17 20:25:56.847, 6, 520, 13.17, 53
2026/07/17 20:25:57.848, 7, 520, 13.12, 53
2026/07/17 20:25:58.848, 6, 520, 13.11, 53
2026/07/17 20:25:59.848, 8, 520, 13.19, 53
2026/07/17 20:26:00.848, 8, 520, 13.20, 53
2026/07/17 20:26:01.848, 7, 520, 13.25, 53
2026/07/17 20:26:02.849, 7, 520, 13.24, 53
2026/07/17 20:26:03.849, 7, 520, 13.17, 53
2026/07/17 20:26:04.849, 6, 520, 13.18, 53
2026/07/17 20:26:05.850, 6, 520, 13.29, 53
2026/07/17 20:26:06.850, 7, 520, 13.25, 53
2026/07/17 20:26:07.850, 8, 520, 13.24, 53
2026/07/17 20:26:08.850, 7, 520, 13.27, 53
2026/07/17 20:26:09.851, 7, 520, 13.33, 53
2026/07/17 20:26:10.851, 7, 520, 13.37, 53
2026/07/17 20:26:11.855, 8, 520, 13.33, 53
2026/07/17 20:26:12.856, 7, 520, 13.30, 53
2026/07/17 20:26:13.856, 8, 520, 13.12, 53
2026/07/17 20:26:14.856, 7, 520, 13.14, 53
2026/07/17 20:26:15.857, 7, 520, 13.31, 53
2026/07/17 20:26:16.857, 7, 520, 13.28, 53
2026/07/17 20:26:17.857, 7, 520, 13.23, 53
2026/07/17 20:26:18.857, 6, 114, 13.14, 53
2026/07/17 20:26:19.858, 0, 114, 12.73, 53
2026/07/17 20:26:20.858, 0, 114, 7.79, 52
2026/07/17 20:26:21.859, 0, 114, 7.78, 52
2026/07/17 20:26:22.860, 0, 114, 1.54, 51
2026/07/17 20:26:23.860, 0, 204, 2.48, 52
2026/07/17 20:26:24.860, 0, 348, 12.48, 52
2026/07/17 20:26:25.860, 12, 520, 12.81, 52
2026/07/17 20:26:26.861, 6, 520, 13.11, 52
2026/07/17 20:26:27.861, 7, 520, 13.15, 52
2026/07/17 20:26:28.861, 6, 520, 13.14, 53
2026/07/17 20:26:29.862, 6, 520, 13.01, 52
2026/07/17 20:26:30.862, 6, 520, 13.12, 53
2026/07/17 20:26:31.866, 8, 520, 13.18, 53
2026/07/17 20:26:32.867, 8, 520, 13.17, 53
2026/07/17 20:26:33.867, 7, 520, 13.18, 53
2026/07/17 20:26:34.867, 7, 520, 13.22, 53
2026/07/17 20:26:35.868, 8, 520, 13.21, 53
2026/07/17 20:26:36.868, 6, 520, 13.06, 53
2026/07/17 20:26:37.868, 7, 520, 12.99, 53
2026/07/17 20:26:38.868, 8, 520, 13.18, 53
2026/07/17 20:26:39.869, 7, 520, 13.21, 53
2026/07/17 20:26:40.869, 7, 520, 13.31, 53
2026/07/17 20:26:41.870, 7, 520, 13.28, 53
2026/07/17 20:26:42.871, 6, 520, 13.28, 53
2026/07/17 20:26:43.872, 7, 520, 13.19, 53
2026/07/17 20:26:44.872, 7, 520, 13.25, 53
2026/07/17 20:26:45.873, 8, 520, 13.14, 53
2026/07/17 20:26:46.874, 7, 520, 13.23, 53
2026/07/17 20:26:47.874, 8, 520, 13.31, 53
2026/07/17 20:26:48.875, 7, 520, 13.18, 53
2026/07/17 20:26:49.875, 8, 520, 13.24, 53
2026/07/17 20:26:50.882, 6, 248, 13.14, 53
2026/07/17 20:26:51.882, 0, 114, 12.65, 53
2026/07/17 20:26:52.883, 0, 114, 12.35, 53
2026/07/17 20:26:53.883, 0, 114, 12.46, 53
2026/07/17 20:26:54.883, 0, 114, 1.53, 51
2026/07/17 20:26:55.883, 0, 114, 1.46, 51
2026/07/17 20:26:56.884, 0, 238, 12.33, 52
2026/07/17 20:26:57.884, 0, 248, 12.32, 52
2026/07/17 20:26:58.884, 0, 520, 12.52, 52
2026/07/17 20:26:59.885, 6, 520, 12.97, 52
2026/07/17 20:27:00.885, 6, 520, 12.89, 52
2026/07/17 20:27:01.885, 6, 520, 12.83, 52
2026/07/17 20:27:02.888, 6, 520, 12.99, 52
2026/07/17 20:27:03.889, 7, 520, 13.09, 52
2026/07/17 20:27:04.889, 7, 520, 13.05, 52
2026/07/17 20:27:05.889, 7, 520, 13.04, 53
2026/07/17 20:27:06.890, 7, 520, 12.97, 53
2026/07/17 20:27:07.890, 8, 520, 13.06, 53
2026/07/17 20:27:08.890, 6, 520, 13.07, 53
2026/07/17 20:27:09.891, 6, 520, 13.03, 53
2026/07/17 20:27:10.891, 7, 520, 12.97, 53
2026/07/17 20:27:11.891, 5, 520, 12.91, 53
2026/07/17 20:27:12.892, 7, 520, 13.15, 53
2026/07/17 20:27:13.893, 7, 520, 13.10, 53
2026/07/17 20:27:14.894, 7, 520, 13.03, 53
2026/07/17 20:27:15.895, 7, 520, 12.97, 53
2026/07/17 20:27:16.896, 7, 520, 13.02, 53
2026/07/17 20:27:17.896, 8, 520, 13.21, 53
2026/07/17 20:27:18.897, 6, 520, 13.14, 53
2026/07/17 20:27:19.898, 7, 520, 13.21, 53
2026/07/17 20:27:20.903, 7, 520, 13.16, 53
2026/07/17 20:27:21.903, 7, 520, 13.18, 53
2026/07/17 20:27:22.903, 6, 520, 13.17, 53
2026/07/17 20:27:23.904, 7, 520, 12.79, 53
2026/07/17 20:27:24.905, 3, 386, 12.32, 53
2026/07/17 20:27:25.905, 0, 386, 13.79, 53
2026/07/17 20:27:26.905, 0, 386, 1.82, 51
2026/07/17 20:27:27.906, 0, 386, 1.53, 51
2026/07/17 20:27:28.906, 0, 386, 1.50, 50
2026/07/17 20:27:29.907, 0, 386, 1.47, 50
2026/07/17 20:27:30.907, 0, 114, 1.74, 49
